amount,data,date,denominator,numerator,splitRatio,symbol,type
0.32,0.32,1560432600,,,,AIG,DIVIDEND
0.32,0.32,1552570200,,,,AIG,DIVIDEND
0.32,0.32,1544538600,,,,AIG,DIVIDEND
0.32,0.32,1536931800,,,,AIG,DIVIDEND
0.32,0.32,1528896600,,,,AIG,DIVIDEND
0.32,0.32,1521034200,,,,AIG,DIVIDEND
0.32,0.32,1512657000,,,,AIG,DIVIDEND
0.32,0.32,1505395800,,,,AIG,DIVIDEND
0.32,0.32,1497274200,,,,AIG,DIVIDEND
0.32,0.32,1489411800,,,,AIG,DIVIDEND
0.32,0.32,1481034600,,,,AIG,DIVIDEND
0.32,0.32,1473773400,,,,AIG,DIVIDEND
0.32,0.32,1465479000,,,,AIG,DIVIDEND
0.32,0.32,1457620200,,,,AIG,DIVIDEND
0.28,0.28,1449153000,,,,AIG,DIVIDEND
0.28,0.28,1441891800,,,,AIG,DIVIDEND
0.125,0.125,1433856600,,,,AIG,DIVIDEND
0.125,0.125,1425994200,,,,AIG,DIVIDEND
0.125,0.125,1417530600,,,,AIG,DIVIDEND
0.125,0.125,1410269400,,,,AIG,DIVIDEND
0.125,0.125,1402061400,,,,AIG,DIVIDEND
0.125,0.125,1394202600,,,,AIG,DIVIDEND
0.1,0.1,1386081000,,,,AIG,DIVIDEND
0.1,0.1,1378819800,,,,AIG,DIVIDEND
8.7,8.7,1295533800,,,,AIG,DIVIDEND
,20/1,1246455000,20.0,1.0,20/1,AIG,SPLIT
0.22,0.22,1220448600,,,,AIG,DIVIDEND
0.2,0.2,1212586200,,,,AIG,DIVIDEND
0.2,0.2,1204727400,,,,AIG,DIVIDEND
0.2,0.2,1196865000,,,,AIG,DIVIDEND
0.2,0.2,1188999000,,,,AIG,DIVIDEND
0.165,0.165,1180531800,,,,AIG,DIVIDEND
0.165,0.165,1172673000,,,,AIG,DIVIDEND
0.165,0.165,1164810600,,,,AIG,DIVIDEND
0.165,0.165,1156944600,,,,AIG,DIVIDEND
0.15,0.15,1149082200,,,,AIG,DIVIDEND
0.15,0.15,1141223400,,,,AIG,DIVIDEND
0.27,0.27,1566307800,,,,AFL,DIVIDEND
0.27,0.27,1558445400,,,,AFL,DIVIDEND
0.27,0.27,1550586600,,,,AFL,DIVIDEND
0.26,0.26,1542724200,,,,AFL,DIVIDEND
0.26,0.26,1534858200,,,,AFL,DIVIDEND
0.26,0.26,1526995800,,,,AFL,DIVIDEND
,1/2,1521466200,1.0,2.0,1/2,AFL,SPLIT
,1/1,1521207000,1.0,1.0,1/1,AFL,SPLIT
0.52,0.52,1519137000,,,,AFL,DIVIDEND
0.45,0.45,1510669800,,,,AFL,DIVIDEND
0.43,0.43,1503322200,,,,AFL,DIVIDEND
0.43,0.43,1495459800,,,,AFL,DIVIDEND
0.43,0.43,1486996200,,,,AFL,DIVIDEND
0.43,0.43,1479133800,,,,AFL,DIVIDEND
0.41,0.41,1471872600,,,,AFL,DIVIDEND
0.41,0.41,1463405400,,,,AFL,DIVIDEND
0.41,0.41,1455201000,,,,AFL,DIVIDEND
0.41,0.41,1447684200,,,,AFL,DIVIDEND
0.39,0.39,1439818200,,,,AFL,DIVIDEND
0.39,0.39,1431955800,,,,AFL,DIVIDEND
0.39,0.39,1423751400,,,,AFL,DIVIDEND
0.39,0.39,1416234600,,,,AFL,DIVIDEND
0.37,0.37,1408368600,,,,AFL,DIVIDEND
0.37,0.37,1400506200,,,,AFL,DIVIDEND
0.37,0.37,1392215400,,,,AFL,DIVIDEND
0.37,0.37,1384785000,,,,AFL,DIVIDEND
0.35,0.35,1376919000,,,,AFL,DIVIDEND
0.35,0.35,1369056600,,,,AFL,DIVIDEND
0.35,0.35,1360765800,,,,AFL,DIVIDEND
0.35,0.35,1352471400,,,,AFL,DIVIDEND
0.33,0.33,1344864600,,,,AFL,DIVIDEND
0.33,0.33,1337002200,,,,AFL,DIVIDEND
0.33,0.33,1329143400,,,,AFL,DIVIDEND
0.33,0.33,1321281000,,,,AFL,DIVIDEND
0.3,0.3,1313415000,,,,AFL,DIVIDEND
0.3,0.3,1305552600,,,,AFL,DIVIDEND
0.3,0.3,1297434600,,,,AFL,DIVIDEND
0.3,0.3,1289831400,,,,AFL,DIVIDEND
0.28,0.28,1281965400,,,,AFL,DIVIDEND
0.28,0.28,1274103000,,,,AFL,DIVIDEND
0.28,0.28,1265898600,,,,AFL,DIVIDEND
0.28,0.28,1258381800,,,,AFL,DIVIDEND
0.28,0.28,1250515800,,,,AFL,DIVIDEND
0.28,0.28,1242653400,,,,AFL,DIVIDEND
0.28,0.28,1234535400,,,,AFL,DIVIDEND
0.24,0.24,1226932200,,,,AFL,DIVIDEND
0.24,0.24,1219066200,,,,AFL,DIVIDEND
0.24,0.24,1211203800,,,,AFL,DIVIDEND
0.24,0.24,1203085800,,,,AFL,DIVIDEND
0.205,0.205,1195050600,,,,AFL,DIVIDEND
0.205,0.205,1187184600,,,,AFL,DIVIDEND
0.205,0.205,1179322200,,,,AFL,DIVIDEND
0.185,0.185,1171463400,,,,AFL,DIVIDEND
0.16,0.16,1163601000,,,,AFL,DIVIDEND
0.13,0.13,1155735000,,,,AFL,DIVIDEND
0.13,0.13,1147872600,,,,AFL,DIVIDEND
0.13,0.13,1140013800,,,,AFL,DIVIDEND
0.5,0.5,1567085400,,,,ALL,DIVIDEND
0.5,0.5,1559223000,,,,ALL,DIVIDEND
0.5,0.5,1551277800,,,,ALL,DIVIDEND
0.46,0.46,1543501800,,,,ALL,DIVIDEND
0.46,0.46,1535635800,,,,ALL,DIVIDEND
0.46,0.46,1527687000,,,,ALL,DIVIDEND
0.46,0.46,1520001000,,,,ALL,DIVIDEND
0.37,0.37,1511965800,,,,ALL,DIVIDEND
0.37,0.37,1504013400,,,,ALL,DIVIDEND
0.37,0.37,1496323800,,,,ALL,DIVIDEND
0.37,0.37,1487946600,,,,ALL,DIVIDEND
0.33,0.33,1480343400,,,,ALL,DIVIDEND
0.33,0.33,1472477400,,,,ALL,DIVIDEND
0.33,0.33,1464787800,,,,ALL,DIVIDEND
0.33,0.33,1456410600,,,,ALL,DIVIDEND
0.3,0.3,1448461800,,,,ALL,DIVIDEND
0.3,0.3,1440682200,,,,ALL,DIVIDEND
0.3,0.3,1432733400,,,,ALL,DIVIDEND
0.3,0.3,1424961000,,,,ALL,DIVIDEND
0.28,0.28,1416925800,,,,ALL,DIVIDEND
0.28,0.28,1409146200,,,,ALL,DIVIDEND
0.0,,1402493400,,,,ALL,DIVIDEND
0.0,,1401975000,,,,ALL,DIVIDEND
0.28,0.28,1401283800,,,,ALL,DIVIDEND
0.0,,1400592600,,,,ALL,DIVIDEND
0.0,,1400247000,,,,ALL,DIVIDEND
0.0,,1396445400,,,,ALL,DIVIDEND
0.28,0.28,1393511400,,,,ALL,DIVIDEND
0.25,0.25,1385476200,,,,ALL,DIVIDEND
0.25,0.25,1377696600,,,,ALL,DIVIDEND
0.25,0.25,1369834200,,,,ALL,DIVIDEND
0.25,0.25,1361889000,,,,ALL,DIVIDEND
0.22,0.22,1354113000,,,,ALL,DIVIDEND
0.22,0.22,1346247000,,,,ALL,DIVIDEND
0.22,0.22,1338384600,,,,ALL,DIVIDEND
0.22,0.22,1330612200,,,,ALL,DIVIDEND
0.21,0.21,1322490600,,,,ALL,DIVIDEND
0.21,0.21,1314624600,,,,ALL,DIVIDEND
0.21,0.21,1306416600,,,,ALL,DIVIDEND
0.21,0.21,1299681000,,,,ALL,DIVIDEND
0.2,0.2,1290781800,,,,ALL,DIVIDEND
0.2,0.2,1282915800,,,,ALL,DIVIDEND
0.2,0.2,1274880600,,,,ALL,DIVIDEND
0.2,0.2,1268231400,,,,ALL,DIVIDEND
0.2,0.2,1259159400,,,,ALL,DIVIDEND
0.2,0.2,1251379800,,,,ALL,DIVIDEND
0.2,0.2,1243431000,,,,ALL,DIVIDEND
0.2,0.2,1236778200,,,,ALL,DIVIDEND
0.41,0.41,1227623400,,,,ALL,DIVIDEND
0.41,0.41,1219843800,,,,ALL,DIVIDEND
0.41,0.41,1211981400,,,,ALL,DIVIDEND
0.41,0.41,1205328600,,,,ALL,DIVIDEND
0.38,0.38,1196260200,,,,ALL,DIVIDEND
0.38,0.38,1188394200,,,,ALL,DIVIDEND
0.38,0.38,1180531800,,,,ALL,DIVIDEND
0.38,0.38,1173277800,,,,ALL,DIVIDEND
0.35,0.35,1164724200,,,,ALL,DIVIDEND
0.35,0.35,1156858200,,,,ALL,DIVIDEND
0.35,0.35,1148650200,,,,ALL,DIVIDEND
0.35,0.35,1141828200,,,,ALL,DIVIDEND
0.44,0.44,1564579800,,,,AON,DIVIDEND
0.44,0.44,1556631000,,,,AON,DIVIDEND
0.4,0.4,1548945000,,,,AON,DIVIDEND
0.4,0.4,1540992600,,,,AON,DIVIDEND
0.4,0.4,1533821400,,,,AON,DIVIDEND
0.4,0.4,1533043800,,,,AON,DIVIDEND
0.4,0.4,1525095000,,,,AON,DIVIDEND
0.36,0.36,1517409000,,,,AON,DIVIDEND
0.36,0.36,1509456600,,,,AON,DIVIDEND
0.36,0.36,1501248600,,,,AON,DIVIDEND
0.36,0.36,1493299800,,,,AON,DIVIDEND
0.33,0.33,1485786600,,,,AON,DIVIDEND
0.33,0.33,1477661400,,,,AON,DIVIDEND
0.33,0.33,1469712600,,,,AON,DIVIDEND
0.33,0.33,1461850200,,,,AON,DIVIDEND
0.3,0.3,1453991400,,,,AON,DIVIDEND
0.3,0.3,1446125400,,,,AON,DIVIDEND
0.3,0.3,1438263000,,,,AON,DIVIDEND
0.3,0.3,1430314200,,,,AON,DIVIDEND
0.25,0.25,1422541800,,,,AON,DIVIDEND
0.25,0.25,1414675800,,,,AON,DIVIDEND
0.25,0.25,1406727000,,,,AON,DIVIDEND
0.25,0.25,1398778200,,,,AON,DIVIDEND
0.175,0.175,1391092200,,,,AON,DIVIDEND
0.175,0.175,1383139800,,,,AON,DIVIDEND
0.175,0.175,1375191000,,,,AON,DIVIDEND
0.175,0.175,1367242200,,,,AON,DIVIDEND
0.1575,0.1575,1359556200,,,,AON,DIVIDEND
0.1575,0.1575,1351690200,,,,AON,DIVIDEND
0.1575,0.1575,1343655000,,,,AON,DIVIDEND
0.1575,0.1575,1335533400,,,,AON,DIVIDEND
0.15,0.15,1327933800,,,,AON,DIVIDEND
0.15,0.15,1319808600,,,,AON,DIVIDEND
0.15,0.15,1311859800,,,,AON,DIVIDEND
0.15,0.15,1303997400,,,,AON,DIVIDEND
0.15,0.15,1296225000,,,,AON,DIVIDEND
0.15,0.15,1288272600,,,,AON,DIVIDEND
0.15,0.15,1280410200,,,,AON,DIVIDEND
0.15,0.15,1272547800,,,,AON,DIVIDEND
0.15,0.15,1264689000,,,,AON,DIVIDEND
0.15,0.15,1256823000,,,,AON,DIVIDEND
0.15,0.15,1248960600,,,,AON,DIVIDEND
0.15,0.15,1241011800,,,,AON,DIVIDEND
0.15,0.15,1233239400,,,,AON,DIVIDEND
0.15,0.15,1225373400,,,,AON,DIVIDEND
0.15,0.15,1217424600,,,,AON,DIVIDEND
0.15,0.15,1209475800,,,,AON,DIVIDEND
0.15,0.15,1201703400,,,,AON,DIVIDEND
0.15,0.15,1193751000,,,,AON,DIVIDEND
0.15,0.15,1185802200,,,,AON,DIVIDEND
0.15,0.15,1177680600,,,,AON,DIVIDEND
0.15,0.15,1170167400,,,,AON,DIVIDEND
0.15,0.15,1162218600,,,,AON,DIVIDEND
0.15,0.15,1154093400,,,,AON,DIVIDEND
0.15,0.15,1146231000,,,,AON,DIVIDEND
0.15,0.15,1138631400,,,,AON,DIVIDEND
0.43,0.43,1559827800,,,,AJG,DIVIDEND
0.43,0.43,1551364200,,,,AJG,DIVIDEND
0.41,0.41,1544106600,,,,AJG,DIVIDEND
0.41,0.41,1536240600,,,,AJG,DIVIDEND
0.41,0.41,1527773400,,,,AJG,DIVIDEND
0.41,0.41,1519914600,,,,AJG,DIVIDEND
0.39,0.39,1512052200,,,,AJG,DIVIDEND
0.39,0.39,1504099800,,,,AJG,DIVIDEND
0.39,0.39,1496410200,,,,AJG,DIVIDEND
0.39,0.39,1496237400,,,,AJG,DIVIDEND
0.39,0.39,1488378600,,,,AJG,DIVIDEND
0.38,0.38,1480516200,,,,AJG,DIVIDEND
0.38,0.38,1472650200,,,,AJG,DIVIDEND
0.38,0.38,1464787800,,,,AJG,DIVIDEND
0.38,0.38,1456929000,,,,AJG,DIVIDEND
0.37,0.37,1449066600,,,,AJG,DIVIDEND
0.37,0.37,1441200600,,,,AJG,DIVIDEND
0.37,0.37,1433338200,,,,AJG,DIVIDEND
0.37,0.37,1425306600,,,,AJG,DIVIDEND
0.36,0.36,1417617000,,,,AJG,DIVIDEND
0.36,0.36,1409751000,,,,AJG,DIVIDEND
0.36,0.36,1401888600,,,,AJG,DIVIDEND
0.36,0.36,1393597800,,,,AJG,DIVIDEND
0.35,0.35,1385994600,,,,AJG,DIVIDEND
0.35,0.35,1377869400,,,,AJG,DIVIDEND
0.35,0.35,1370007000,,,,AJG,DIVIDEND
0.35,0.35,1362061800,,,,AJG,DIVIDEND
0.34,0.34,1354199400,,,,AJG,DIVIDEND
0.34,0.34,1348666200,,,,AJG,DIVIDEND
0.34,0.34,1340803800,,,,AJG,DIVIDEND
0.34,0.34,1332941400,,,,AJG,DIVIDEND
0.33,0.33,1325082600,,,,AJG,DIVIDEND
0.33,0.33,1317216600,,,,AJG,DIVIDEND
0.33,0.33,1309267800,,,,AJG,DIVIDEND
0.33,0.33,1301405400,,,,AJG,DIVIDEND
0.32,0.32,1293633000,,,,AJG,DIVIDEND
0.32,0.32,1285680600,,,,AJG,DIVIDEND
0.32,0.32,1277731800,,,,AJG,DIVIDEND
0.32,0.32,1269869400,,,,AJG,DIVIDEND
0.32,0.32,1262097000,,,,AJG,DIVIDEND
0.32,0.32,1254144600,,,,AJG,DIVIDEND
0.32,0.32,1246023000,,,,AJG,DIVIDEND
0.32,0.32,1238160600,,,,AJG,DIVIDEND
0.32,0.32,1230561000,,,,AJG,DIVIDEND
0.32,0.32,1222435800,,,,AJG,DIVIDEND
0.32,0.32,1214487000,,,,AJG,DIVIDEND
0.32,0.32,1206624600,,,,AJG,DIVIDEND
0.31,0.31,1198765800,,,,AJG,DIVIDEND
0.31,0.31,1190813400,,,,AJG,DIVIDEND
0.31,0.31,1182951000,,,,AJG,DIVIDEND
0.31,0.31,1175088600,,,,AJG,DIVIDEND
0.3,0.3,1167229800,,,,AJG,DIVIDEND
0.3,0.3,1159363800,,,,AJG,DIVIDEND
0.3,0.3,1151501400,,,,AJG,DIVIDEND
0.3,0.3,1143642600,,,,AJG,DIVIDEND
0.75,0.75,1561037400,,,,CB,DIVIDEND
0.73,0.73,1553175000,,,,CB,DIVIDEND
0.73,0.73,1545316200,,,,CB,DIVIDEND
0.73,0.73,1537450200,,,,CB,DIVIDEND
0.73,0.73,1529587800,,,,CB,DIVIDEND
0.71,0.71,1522243800,,,,CB,DIVIDEND
0.71,0.71,1514471400,,,,CB,DIVIDEND
0.71,0.71,1506605400,,,,CB,DIVIDEND
0.71,0.71,1498656600,,,,CB,DIVIDEND
0.69,0.69,1490794200,,,,CB,DIVIDEND
0.69,0.69,1482935400,,,,CB,DIVIDEND
0.69,0.69,1475069400,,,,CB,DIVIDEND
0.69,0.69,1467120600,,,,CB,DIVIDEND
0.67,0.67,1459258200,,,,CB,DIVIDEND
0.67,0.67,1451399400,,,,CB,DIVIDEND
0.57,0.57,1450276200,,,,CB,DIVIDEND
0.67,0.67,1443447000,,,,CB,DIVIDEND
0.57,0.57,1442496600,,,,CB,DIVIDEND
0.67,0.67,1435325400,,,,CB,DIVIDEND
0.57,0.57,1435152600,,,,CB,DIVIDEND
0.65,0.65,1427463000,,,,CB,DIVIDEND
0.57,0.57,1426080600,,,,CB,DIVIDEND
0.5,0.5,1418826600,,,,CB,DIVIDEND
0.65,0.65,1418653800,,,,CB,DIVIDEND
0.65,0.65,1411738200,,,,CB,DIVIDEND
0.5,0.5,1410960600,,,,CB,DIVIDEND
0.65,0.65,1405949400,,,,CB,DIVIDEND
0.5,0.5,1403703000,,,,CB,DIVIDEND
0.0,,1402493400,,,,CB,DIVIDEND
0.0,,1401975000,,,,CB,DIVIDEND
0.0,,1400592600,,,,CB,DIVIDEND
0.0,,1400247000,,,,CB,DIVIDEND
0.0,,1396445400,,,,CB,DIVIDEND
0.63,0.63,1395840600,,,,CB,DIVIDEND
0.5,0.5,1394631000,,,,CB,DIVIDEND
0.63,0.63,1389623400,,,,CB,DIVIDEND
0.63,0.63,1389277800,,,,CB,DIVIDEND
0.44,0.44,1387377000,,,,CB,DIVIDEND
0.51,0.51,1380202200,,,,CB,DIVIDEND
0.44,0.44,1379511000,,,,CB,DIVIDEND
0.51,0.51,1374240600,,,,CB,DIVIDEND
0.44,0.44,1371648600,,,,CB,DIVIDEND
0.49,0.49,1364304600,,,,CB,DIVIDEND
0.44,0.44,1363181400,,,,CB,DIVIDEND
0.41,0.41,1355927400,,,,CB,DIVIDEND
0.49,0.49,1355409000,,,,CB,DIVIDEND
0.49,0.49,1348666200,,,,CB,DIVIDEND
0.41,0.41,1348061400,,,,CB,DIVIDEND
0.49,0.49,1343395800,,,,CB,DIVIDEND
0.41,0.41,1340199000,,,,CB,DIVIDEND
0.47,0.47,1332941400,,,,CB,DIVIDEND
0.41,0.41,1331731800,,,,CB,DIVIDEND
0.47,0.47,1326205800,,,,CB,DIVIDEND
0.39,0.39,1324477800,,,,CB,DIVIDEND
0.35,0.35,1317216600,,,,CB,DIVIDEND
0.39,0.39,1316611800,,,,CB,DIVIDEND
0.35,0.35,1309267800,,,,CB,DIVIDEND
0.39,0.39,1308749400,,,,CB,DIVIDEND
0.33,0.33,1301491800,,,,CB,DIVIDEND
0.39,0.39,1300282200,,,,CB,DIVIDEND
0.37,0.37,1292941800,,,,CB,DIVIDEND
0.33,0.33,1292337000,,,,CB,DIVIDEND
0.33,0.33,1285767000,,,,CB,DIVIDEND
0.37,0.37,1284557400,,,,CB,DIVIDEND
0.33,0.33,1279891800,,,,CB,DIVIDEND
0.37,0.37,1277299800,,,,CB,DIVIDEND
0.31,0.31,1269869400,,,,CB,DIVIDEND
0.37,0.37,1268832600,,,,CB,DIVIDEND
0.35,0.35,1260973800,,,,CB,DIVIDEND
0.31,0.31,1260887400,,,,CB,DIVIDEND
0.31,0.31,1254231000,,,,CB,DIVIDEND
0.35,0.35,1253107800,,,,CB,DIVIDEND
0.31,0.31,1248442200,,,,CB,DIVIDEND
0.35,0.35,1245850200,,,,CB,DIVIDEND
0.26,0.26,1238160600,,,,CB,DIVIDEND
0.35,0.35,1237383000,,,,CB,DIVIDEND
0.27,0.27,1231252200,,,,CB,DIVIDEND
0.33,0.33,1229524200,,,,CB,DIVIDEND
0.26,0.26,1223991000,,,,CB,DIVIDEND
0.26,0.26,1223559000,,,,CB,DIVIDEND
0.33,0.33,1221658200,,,,CB,DIVIDEND
0.29,0.29,1214487000,,,,CB,DIVIDEND
0.33,0.33,1214400600,,,,CB,DIVIDEND
0.27,0.27,1206624600,,,,CB,DIVIDEND
0.33,0.33,1206538200,,,,CB,DIVIDEND
0.27,0.27,1198765800,,,,CB,DIVIDEND
0.29,0.29,1197642600,,,,CB,DIVIDEND
0.27,0.27,1190813400,,,,CB,DIVIDEND
0.29,0.29,1190208600,,,,CB,DIVIDEND
0.27,0.27,1182951000,,,,CB,DIVIDEND
0.29,0.29,1182346200,,,,CB,DIVIDEND
0.25,0.25,1175088600,,,,CB,DIVIDEND
0.29,0.29,1173879000,,,,CB,DIVIDEND
0.25,0.25,1167229800,,,,CB,DIVIDEND
0.25,0.25,1166538600,,,,CB,DIVIDEND
0.25,0.25,1159363800,,,,CB,DIVIDEND
0.25,0.25,1158759000,,,,CB,DIVIDEND
0.25,0.25,1151501400,,,,CB,DIVIDEND
0.25,0.25,1150896600,,,,CB,DIVIDEND
,2/1,1145453400,2.0,1.0,2/1,CB,SPLIT
0.23,0.23,1143642600,,,,CB,DIVIDEND
0.25,0.25,1142433000,,,,CB,DIVIDEND
1.4,1.4,1567517400,,,,RE,DIVIDEND
1.4,1.4,1559050200,,,,RE,DIVIDEND
1.4,1.4,1551796200,,,,RE,DIVIDEND
1.4,1.4,1543329000,,,,RE,DIVIDEND
1.3,1.3,1536067800,,,,RE,DIVIDEND
1.3,1.3,1527600600,,,,RE,DIVIDEND
1.3,1.3,1520346600,,,,RE,DIVIDEND
1.3,1.3,1511879400,,,,RE,DIVIDEND
1.25,1.25,1504272600,,,,RE,DIVIDEND
1.25,1.25,1495805400,,,,RE,DIVIDEND
1.25,1.25,1488810600,,,,RE,DIVIDEND
1.25,1.25,1480343400,,,,RE,DIVIDEND
1.15,1.15,1472823000,,,,RE,DIVIDEND
1.15,1.15,1464355800,,,,RE,DIVIDEND
1.15,1.15,1457361000,,,,RE,DIVIDEND
1.15,1.15,1448893800,,,,RE,DIVIDEND
0.95,0.95,1440423000,,,,RE,DIVIDEND
0.95,0.95,1433165400,,,,RE,DIVIDEND
0.95,0.95,1425907800,,,,RE,DIVIDEND
0.95,0.95,1417444200,,,,RE,DIVIDEND
0.75,0.75,1408973400,,,,RE,DIVIDEND
0.75,0.75,1401715800,,,,RE,DIVIDEND
0.75,0.75,1394458200,,,,RE,DIVIDEND
0.75,0.75,1385994600,,,,RE,DIVIDEND
0.48,0.48,1377523800,,,,RE,DIVIDEND
0.48,0.48,1370266200,,,,RE,DIVIDEND
0.48,0.48,1362407400,,,,RE,DIVIDEND
0.48,0.48,1353940200,,,,RE,DIVIDEND
0.48,0.48,1346074200,,,,RE,DIVIDEND
0.48,0.48,1337952600,,,,RE,DIVIDEND
0.48,0.48,1330957800,,,,RE,DIVIDEND
0.48,0.48,1322490600,,,,RE,DIVIDEND
0.48,0.48,1314624600,,,,RE,DIVIDEND
0.48,0.48,1306503000,,,,RE,DIVIDEND
0.48,0.48,1299508200,,,,RE,DIVIDEND
0.48,0.48,1291041000,,,,RE,DIVIDEND
0.48,0.48,1283175000,,,,RE,DIVIDEND
0.48,0.48,1275053400,,,,RE,DIVIDEND
0.48,0.48,1268058600,,,,RE,DIVIDEND
0.48,0.48,1259591400,,,,RE,DIVIDEND
0.48,0.48,1251725400,,,,RE,DIVIDEND
0.48,0.48,1242999000,,,,RE,DIVIDEND
0.48,0.48,1236004200,,,,RE,DIVIDEND
0.48,0.48,1227191400,,,,RE,DIVIDEND
0.48,0.48,1219325400,,,,RE,DIVIDEND
0.48,0.48,1211376600,,,,RE,DIVIDEND
0.48,0.48,1204209000,,,,RE,DIVIDEND
0.48,0.48,1196260200,,,,RE,DIVIDEND
0.48,0.48,1188912600,,,,RE,DIVIDEND
0.48,0.48,1180704600,,,,RE,DIVIDEND
0.48,0.48,1172759400,,,,RE,DIVIDEND
0.24,0.24,1164205800,,,,RE,DIVIDEND
0.12,0.12,1156426200,,,,RE,DIVIDEND
0.12,0.12,1148477400,,,,RE,DIVIDEND
0.12,0.12,1141309800,,,,RE,DIVIDEND
0.1725,0.1725,1562160600,,,,GL,DIVIDEND
0.1725,0.1725,1554384600,,,,GL,DIVIDEND
0.16,0.16,1546525800,,,,GL,DIVIDEND
0.16,0.16,1538659800,,,,GL,DIVIDEND
0.16,0.16,1530624600,,,,GL,DIVIDEND
0.16,0.16,1522675800,,,,GL,DIVIDEND
0.15,0.15,1515076200,,,,GL,DIVIDEND
0.15,0.15,1507210200,,,,GL,DIVIDEND
0.15,0.15,1498829400,,,,GL,DIVIDEND
0.15,0.15,1490880600,,,,GL,DIVIDEND
0.14,0.14,1483540200,,,,GL,DIVIDEND
0.14,0.14,1475674200,,,,GL,DIVIDEND
0.14,0.14,1467207000,,,,GL,DIVIDEND
0.14,0.14,1459431000,,,,GL,DIVIDEND
0.135,0.135,1451917800,,,,GL,DIVIDEND
0.135,0.135,1443619800,,,,GL,DIVIDEND
0.135,0.135,1435671000,,,,GL,DIVIDEND
0.135,0.135,1427808600,,,,GL,DIVIDEND
0.1267,0.1267,1420036200,,,,GL,DIVIDEND
0.1267,0.1267,1412170200,,,,GL,DIVIDEND
,2/3,1404307800,2.0,3.0,2/3,GL,SPLIT
0.19,0.19,1401370200,,,,GL,DIVIDEND
0.19,0.19,1396359000,,,,GL,DIVIDEND
0.17,0.17,1388500200,,,,GL,DIVIDEND
0.17,0.17,1380720600,,,,GL,DIVIDEND
0.17,0.17,1372771800,,,,GL,DIVIDEND
,10/1,1368624600,10.0,1.0,10/1,GL,SPLIT
,6/5,1367587800,6.0,5.0,6/5,GL,SPLIT
0.17,0.17,1364995800,,,,GL,DIVIDEND
0.15,0.15,1357137000,,,,GL,DIVIDEND
0.15,0.15,1349271000,,,,GL,DIVIDEND
0.15,0.15,1341322200,,,,GL,DIVIDEND
0.15,0.15,1333459800,,,,GL,DIVIDEND
0.12,0.12,1325687400,,,,GL,DIVIDEND
0.12,0.12,1317821400,,,,GL,DIVIDEND
,2/3,1309872600,2.0,3.0,2/3,GL,SPLIT
0.11,0.11,1306503000,,,,GL,DIVIDEND
0.16,0.16,1301491800,,,,GL,DIVIDEND
0.16,0.16,1294151400,,,,GL,DIVIDEND
0.16,0.16,1285767000,,,,GL,DIVIDEND
0.15,0.15,1277904600,,,,GL,DIVIDEND
0.15,0.15,1269955800,,,,GL,DIVIDEND
0.15,0.15,1262615400,,,,GL,DIVIDEND
0.14,0.14,1254317400,,,,GL,DIVIDEND
0.14,0.14,1246455000,,,,GL,DIVIDEND
0.14,0.14,1238592600,,,,GL,DIVIDEND
0.14,0.14,1230647400,,,,GL,DIVIDEND
0.14,0.14,1222867800,,,,GL,DIVIDEND
0.14,0.14,1215005400,,,,GL,DIVIDEND
0.14,0.14,1207143000,,,,GL,DIVIDEND
0.13,0.13,1199284200,,,,GL,DIVIDEND
0.13,0.13,1191418200,,,,GL,DIVIDEND
0.13,0.13,1183469400,,,,GL,DIVIDEND
0.13,0.13,1175607000,,,,GL,DIVIDEND
0.13,0.13,1167834600,,,,GL,DIVIDEND
0.13,0.13,1159968600,,,,GL,DIVIDEND
0.13,0.13,1152106200,,,,GL,DIVIDEND
0.11,0.11,1144243800,,,,GL,DIVIDEND
0.11,0.11,1136298600,,,,GL,DIVIDEND
0.3,0.3,1567171800,,,,HIG,DIVIDEND
0.3,0.3,1559309400,,,,HIG,DIVIDEND
0.3,0.3,1551450600,,,,HIG,DIVIDEND
0.3,0.3,1543588200,,,,HIG,DIVIDEND
0.3,0.3,1535722200,,,,HIG,DIVIDEND
0.25,0.25,1527773400,,,,HIG,DIVIDEND
0.25,0.25,1520001000,,,,HIG,DIVIDEND
0.25,0.25,1512052200,,,,HIG,DIVIDEND
0.23,0.23,1504099800,,,,HIG,DIVIDEND
0.23,0.23,1496151000,,,,HIG,DIVIDEND
0.23,0.23,1488465000,,,,HIG,DIVIDEND
0.23,0.23,1480429800,,,,HIG,DIVIDEND
0.21,0.21,1472563800,,,,HIG,DIVIDEND
0.21,0.21,1464355800,,,,HIG,DIVIDEND
0.21,0.21,1457015400,,,,HIG,DIVIDEND
0.21,0.21,1448634600,,,,HIG,DIVIDEND
0.21,0.21,1440768600,,,,HIG,DIVIDEND
0.18,0.18,1432819800,,,,HIG,DIVIDEND
0.18,0.18,1425565800,,,,HIG,DIVIDEND
0.18,0.18,1417012200,,,,HIG,DIVIDEND
0.18,0.18,1409232600,,,,HIG,DIVIDEND
0.15,0.15,1401370200,,,,HIG,DIVIDEND
0.15,0.15,1394116200,,,,HIG,DIVIDEND
0.15,0.15,1385562600,,,,HIG,DIVIDEND
0.15,0.15,1377783000,,,,HIG,DIVIDEND
0.1,0.1,1369920600,,,,HIG,DIVIDEND
0.1,0.1,1362666600,,,,HIG,DIVIDEND
0.1,0.1,1354199400,,,,HIG,DIVIDEND
0.1,0.1,1346333400,,,,HIG,DIVIDEND
0.1,0.1,1338384600,,,,HIG,DIVIDEND
0.1,0.1,1330612200,,,,HIG,DIVIDEND
0.1,0.1,1322577000,,,,HIG,DIVIDEND
0.1,0.1,1314711000,,,,HIG,DIVIDEND
0.1,0.1,1306503000,,,,HIG,DIVIDEND
0.1,0.1,1298644200,,,,HIG,DIVIDEND
0.05,0.05,1291041000,,,,HIG,DIVIDEND
0.05,0.05,1283175000,,,,HIG,DIVIDEND
0.05,0.05,1274967000,,,,HIG,DIVIDEND
0.05,0.05,1267108200,,,,HIG,DIVIDEND
0.05,0.05,1259332200,,,,HIG,DIVIDEND
0.05,0.05,1251725400,,,,HIG,DIVIDEND
0.05,0.05,1243517400,,,,HIG,DIVIDEND
0.05,0.05,1235658600,,,,HIG,DIVIDEND
0.32,0.32,1227709800,,,,HIG,DIVIDEND
0.53,0.53,1219930200,,,,HIG,DIVIDEND
0.53,0.53,1212067800,,,,HIG,DIVIDEND
0.53,0.53,1204209000,,,,HIG,DIVIDEND
0.53,0.53,1196346600,,,,HIG,DIVIDEND
0.5,0.5,1188480600,,,,HIG,DIVIDEND
0.5,0.5,1180531800,,,,HIG,DIVIDEND
0.5,0.5,1172586600,,,,HIG,DIVIDEND
0.5,0.5,1164810600,,,,HIG,DIVIDEND
0.4,0.4,1156944600,,,,HIG,DIVIDEND
0.4,0.4,1148995800,,,,HIG,DIVIDEND
0.4,0.4,1141050600,,,,HIG,DIVIDEND
0.455,0.455,1562765400,,,,MMC,DIVIDEND
0.415,0.415,1554816600,,,,MMC,DIVIDEND
0.415,0.415,1548772200,,,,MMC,DIVIDEND
0.415,0.415,1539178200,,,,MMC,DIVIDEND
0.415,0.415,1531229400,,,,MMC,DIVIDEND
0.375,0.375,1523280600,,,,MMC,DIVIDEND
0.375,0.375,1517322600,,,,MMC,DIVIDEND
0.375,0.375,1507555800,,,,MMC,DIVIDEND
0.375,0.375,1507296600,,,,MMC,DIVIDEND
0.375,0.375,1499434200,,,,MMC,DIVIDEND
0.34,0.34,1491399000,,,,MMC,DIVIDEND
0.34,0.34,1485181800,,,,MMC,DIVIDEND
0.34,0.34,1476106200,,,,MMC,DIVIDEND
0.34,0.34,1475760600,,,,MMC,DIVIDEND
0.34,0.34,1467898200,,,,MMC,DIVIDEND
0.31,0.31,1459949400,,,,MMC,DIVIDEND
0.31,0.31,1453386600,,,,MMC,DIVIDEND
0.31,0.31,1444224600,,,,MMC,DIVIDEND
0.31,0.31,1436362200,,,,MMC,DIVIDEND
0.28,0.28,1428499800,,,,MMC,DIVIDEND
0.28,0.28,1421937000,,,,MMC,DIVIDEND
0.28,0.28,1412775000,,,,MMC,DIVIDEND
0.28,0.28,1404912600,,,,MMC,DIVIDEND
0.25,0.25,1396963800,,,,MMC,DIVIDEND
0.25,0.25,1390833000,,,,MMC,DIVIDEND
0.25,0.25,1381325400,,,,MMC,DIVIDEND
0.25,0.25,1373376600,,,,MMC,DIVIDEND
0.23,0.23,1365427800,,,,MMC,DIVIDEND
0.23,0.23,1359037800,,,,MMC,DIVIDEND
0.23,0.23,1349789400,,,,MMC,DIVIDEND
0.23,0.23,1341840600,,,,MMC,DIVIDEND
0.22,0.22,1333632600,,,,MMC,DIVIDEND
0.22,0.22,1327588200,,,,MMC,DIVIDEND
0.22,0.22,1317907800,,,,MMC,DIVIDEND
0.22,0.22,1310045400,,,,MMC,DIVIDEND
0.21,0.21,1302096600,,,,MMC,DIVIDEND
0.21,0.21,1296052200,,,,MMC,DIVIDEND
0.21,0.21,1286371800,,,,MMC,DIVIDEND
0.2,0.2,1278509400,,,,MMC,DIVIDEND
0.2,0.2,1270647000,,,,MMC,DIVIDEND
0.2,0.2,1264602600,,,,MMC,DIVIDEND
0.2,0.2,1254922200,,,,MMC,DIVIDEND
0.2,0.2,1247059800,,,,MMC,DIVIDEND
0.2,0.2,1239111000,,,,MMC,DIVIDEND
0.2,0.2,1233153000,,,,MMC,DIVIDEND
0.2,0.2,1223991000,,,,MMC,DIVIDEND
0.2,0.2,1215091800,,,,MMC,DIVIDEND
0.2,0.2,1207315800,,,,MMC,DIVIDEND
0.2,0.2,1201185000,,,,MMC,DIVIDEND
0.19,0.19,1192109400,,,,MMC,DIVIDEND
0.19,0.19,1183469400,,,,MMC,DIVIDEND
0.19,0.19,1175607000,,,,MMC,DIVIDEND
0.19,0.19,1169476200,,,,MMC,DIVIDEND
0.17,0.17,1160659800,,,,MMC,DIVIDEND
0.17,0.17,1152106200,,,,MMC,DIVIDEND
0.17,0.17,1144243800,,,,MMC,DIVIDEND
0.17,0.17,1136471400,,,,MMC,DIVIDEND
0.44,0.44,1565011800,,,,MET,DIVIDEND
0.44,0.44,1557149400,,,,MET,DIVIDEND
0.42,0.42,1549290600,,,,MET,DIVIDEND
0.42,0.42,1541428200,,,,MET,DIVIDEND
0.42,0.42,1533303000,,,,MET,DIVIDEND
0.42,0.42,1525440600,,,,MET,DIVIDEND
0.4,0.4,1517581800,,,,MET,DIVIDEND
0.4,0.4,1509715800,,,,MET,DIVIDEND
,1000/1122,1502112600,1000.0,1122.0,1000/1122,MET,SPLIT
0.4,0.4,1501767000,,,,MET,DIVIDEND
0.4,0.4,1493904600,,,,MET,DIVIDEND
0.4,0.4,1486045800,,,,MET,DIVIDEND
0.4,0.4,1478179800,,,,MET,DIVIDEND
0.4,0.4,1470317400,,,,MET,DIVIDEND
0.4,0.4,1462455000,,,,MET,DIVIDEND
0.375,0.375,1454509800,,,,MET,DIVIDEND
0.375,0.375,1446647400,,,,MET,DIVIDEND
0.375,0.375,1438781400,,,,MET,DIVIDEND
0.375,0.375,1431005400,,,,MET,DIVIDEND
0.35,0.35,1423060200,,,,MET,DIVIDEND
0.35,0.35,1415197800,,,,MET,DIVIDEND
0.35,0.35,1407331800,,,,MET,DIVIDEND
0.35,0.35,1399469400,,,,MET,DIVIDEND
0.275,0.275,1391524200,,,,MET,DIVIDEND
0.275,0.275,1383748200,,,,MET,DIVIDEND
0.275,0.275,1375882200,,,,MET,DIVIDEND
0.275,0.275,1367933400,,,,MET,DIVIDEND
0.185,0.185,1359988200,,,,MET,DIVIDEND
0.74,0.74,1352298600,,,,MET,DIVIDEND
0.74,0.74,1320676200,,,,MET,DIVIDEND
0.74,0.74,1288963800,,,,MET,DIVIDEND
0.74,0.74,1257431400,,,,MET,DIVIDEND
0.74,0.74,1225981800,,,,MET,DIVIDEND
0.74,0.74,1194010200,,,,MET,DIVIDEND
0.59,0.59,1162477800,,,,MET,DIVIDEND
0.1,0.1,1562160600,,,,PGR,DIVIDEND
0.1,0.1,1554384600,,,,PGR,DIVIDEND
2.514,2.514,1549031400,,,,PGR,DIVIDEND
1.1247,1.1247,1517495400,,,,PGR,DIVIDEND
0.681,0.681,1485959400,,,,PGR,DIVIDEND
0.8882,0.8882,1454337000,,,,PGR,DIVIDEND
0.686,0.686,1422887400,,,,PGR,DIVIDEND
0.4929,0.4929,1390833000,,,,PGR,DIVIDEND
,1/1,1390833000,1.0,1.0,1/1,PGR,SPLIT
0.2845,0.2845,1358951400,,,,PGR,DIVIDEND
1.0,1,1353335400,,,,PGR,DIVIDEND
0.4072,0.4072,1327415400,,,,PGR,DIVIDEND
0.3987,0.3987,1295965800,,,,PGR,DIVIDEND
1.0,1,1292509800,,,,PGR,DIVIDEND
0.1613,0.1613,1264429800,,,,PGR,DIVIDEND
0.145,0.145,1200580200,,,,PGR,DIVIDEND
2.0,2,1188394200,,,,PGR,DIVIDEND
0.00875,0.00875,1165415400,,,,PGR,DIVIDEND
0.0088,0.0088,1157549400,,,,PGR,DIVIDEND
0.0075,0.0075,1149687000,,,,PGR,DIVIDEND
,1/4,1148045400,1.0,4.0,1/4,PGR,SPLIT
0.03,0.03,1141828200,,,,PGR,DIVIDEND
1.0,1,1566221400,,,,PRU,DIVIDEND
1.0,1,1558704600,,,,PRU,DIVIDEND
1.0,1,1550586600,,,,PRU,DIVIDEND
0.9,0.9,1542983400,,,,PRU,DIVIDEND
0.9,0.9,1534771800,,,,PRU,DIVIDEND
0.9,0.9,1526909400,,,,PRU,DIVIDEND
0.9,0.9,1519137000,,,,PRU,DIVIDEND
0.75,0.75,1511533800,,,,PRU,DIVIDEND
0.75,0.75,1503063000,,,,PRU,DIVIDEND
0.75,0.75,1495200600,,,,PRU,DIVIDEND
0.75,0.75,1487341800,,,,PRU,DIVIDEND
0.7,0.7,1479479400,,,,PRU,DIVIDEND
0.7,0.7,1471613400,,,,PRU,DIVIDEND
0.7,0.7,1463751000,,,,PRU,DIVIDEND
0.7,0.7,1455892200,,,,PRU,DIVIDEND
0.7,0.7,1448029800,,,,PRU,DIVIDEND
0.58,0.58,1440163800,,,,PRU,DIVIDEND
0.58,0.58,1432215000,,,,PRU,DIVIDEND
0.58,0.58,1424442600,,,,PRU,DIVIDEND
0.58,0.58,1416580200,,,,PRU,DIVIDEND
0.53,0.53,1408714200,,,,PRU,DIVIDEND
0.53,0.53,1400765400,,,,PRU,DIVIDEND
0.53,0.53,1392993000,,,,PRU,DIVIDEND
0.53,0.53,1385130600,,,,PRU,DIVIDEND
0.4,0.4,1377264600,,,,PRU,DIVIDEND
0.4,0.4,1369402200,,,,PRU,DIVIDEND
0.4,0.4,1361543400,,,,PRU,DIVIDEND
1.6,1.6,1353076200,,,,PRU,DIVIDEND
1.45,1.45,1321626600,,,,PRU,DIVIDEND
1.15,1.15,1290177000,,,,PRU,DIVIDEND
0.7,0.7,1258727400,,,,PRU,DIVIDEND
0.58,0.58,1227191400,,,,PRU,DIVIDEND
1.15,1.15,1195655400,,,,PRU,DIVIDEND
0.95,0.95,1164205800,,,,PRU,DIVIDEND
0.82,0.82,1559914200,,,,TRV,DIVIDEND
0.77,0.77,1552055400,,,,TRV,DIVIDEND
0.77,0.77,1544193000,,,,TRV,DIVIDEND
0.77,0.77,1536327000,,,,TRV,DIVIDEND
0.77,0.77,1528378200,,,,TRV,DIVIDEND
0.72,0.72,1520519400,,,,TRV,DIVIDEND
0.72,0.72,1512743400,,,,TRV,DIVIDEND
0.72,0.72,1504791000,,,,TRV,DIVIDEND
0.72,0.72,1496842200,,,,TRV,DIVIDEND
0.67,0.67,1488983400,,,,TRV,DIVIDEND
0.67,0.67,1481121000,,,,TRV,DIVIDEND
0.67,0.67,1473255000,,,,TRV,DIVIDEND
0.67,0.67,1465392600,,,,TRV,DIVIDEND
0.61,0.61,1457447400,,,,TRV,DIVIDEND
0.61,0.61,1449585000,,,,TRV,DIVIDEND
0.61,0.61,1441719000,,,,TRV,DIVIDEND
0.61,0.61,1433770200,,,,TRV,DIVIDEND
0.55,0.55,1425652200,,,,TRV,DIVIDEND
0.55,0.55,1418049000,,,,TRV,DIVIDEND
0.55,0.55,1410183000,,,,TRV,DIVIDEND
0.55,0.55,1402061400,,,,TRV,DIVIDEND
0.5,0.5,1394116200,,,,TRV,DIVIDEND
0.5,0.5,1386340200,,,,TRV,DIVIDEND
0.5,0.5,1378474200,,,,TRV,DIVIDEND
0.5,0.5,1370525400,,,,TRV,DIVIDEND
0.46,0.46,1362580200,,,,TRV,DIVIDEND
0.46,0.46,1354804200,,,,TRV,DIVIDEND
0.46,0.46,1346938200,,,,TRV,DIVIDEND
0.46,0.46,1338989400,,,,TRV,DIVIDEND
0.41,0.41,1331130600,,,,TRV,DIVIDEND
0.41,0.41,1323268200,,,,TRV,DIVIDEND
0.41,0.41,1315402200,,,,TRV,DIVIDEND
0.41,0.41,1307539800,,,,TRV,DIVIDEND
0.36,0.36,1299594600,,,,TRV,DIVIDEND
0.36,0.36,1291818600,,,,TRV,DIVIDEND
0.36,0.36,1283952600,,,,TRV,DIVIDEND
0.36,0.36,1276003800,,,,TRV,DIVIDEND
0.33,0.33,1268058600,,,,TRV,DIVIDEND
0.33,0.33,1260282600,,,,TRV,DIVIDEND
0.3,0.3,1252416600,,,,TRV,DIVIDEND
0.3,0.3,1244467800,,,,TRV,DIVIDEND
0.3,0.3,1236349800,,,,TRV,DIVIDEND
0.3,0.3,1228746600,,,,TRV,DIVIDEND
0.3,0.3,1220880600,,,,TRV,DIVIDEND
0.3,0.3,1212759000,,,,TRV,DIVIDEND
0.29,0.29,1204813800,,,,TRV,DIVIDEND
0.29,0.29,1196951400,,,,TRV,DIVIDEND
0.29,0.29,1189085400,,,,TRV,DIVIDEND
0.29,0.29,1181136600,,,,TRV,DIVIDEND
0.26,0.26,1173277800,,,,TRV,DIVIDEND
0.26,0.26,1165415400,,,,TRV,DIVIDEND
0.26,0.26,1157549400,,,,TRV,DIVIDEND
0.26,0.26,1149687000,,,,TRV,DIVIDEND
0.23,0.23,1141828200,,,,TRV,DIVIDEND
0.285,0.285,1564147800,,,,UNM,DIVIDEND
0.26,0.26,1556285400,,,,UNM,DIVIDEND
0.26,0.26,1548426600,,,,UNM,DIVIDEND
0.26,0.26,1540560600,,,,UNM,DIVIDEND
0.26,0.26,1532698200,,,,UNM,DIVIDEND
0.23,0.23,1524835800,,,,UNM,DIVIDEND
0.23,0.23,1516977000,,,,UNM,DIVIDEND
0.23,0.23,1509111000,,,,UNM,DIVIDEND
0.23,0.23,1501162200,,,,UNM,DIVIDEND
0.2,0.2,1493213400,,,,UNM,DIVIDEND
0.2,0.2,1485441000,,,,UNM,DIVIDEND
0.2,0.2,1477575000,,,,UNM,DIVIDEND
0.2,0.2,1469626200,,,,UNM,DIVIDEND
0.185,0.185,1461763800,,,,UNM,DIVIDEND
0.185,0.185,1453905000,,,,UNM,DIVIDEND
0.185,0.185,1446039000,,,,UNM,DIVIDEND
0.185,0.185,1438176600,,,,UNM,DIVIDEND
0.165,0.165,1429795800,,,,UNM,DIVIDEND
0.165,0.165,1422455400,,,,UNM,DIVIDEND
0.165,0.165,1414589400,,,,UNM,DIVIDEND
0.165,0.165,1406208600,,,,UNM,DIVIDEND
0.145,0.145,1398346200,,,,UNM,DIVIDEND
0.145,0.145,1391005800,,,,UNM,DIVIDEND
0.145,0.145,1382621400,,,,UNM,DIVIDEND
0.145,0.145,1374759000,,,,UNM,DIVIDEND
0.13,0.13,1366896600,,,,UNM,DIVIDEND
0.13,0.13,1359037800,,,,UNM,DIVIDEND
0.13,0.13,1351171800,,,,UNM,DIVIDEND
0.13,0.13,1343309400,,,,UNM,DIVIDEND
0.105,0.105,1335447000,,,,UNM,DIVIDEND
0.105,0.105,1327588200,,,,UNM,DIVIDEND
0.105,0.105,1319722200,,,,UNM,DIVIDEND
0.105,0.105,1311773400,,,,UNM,DIVIDEND
0.0925,0.0925,1303306200,,,,UNM,DIVIDEND
0.0925,0.0925,1296138600,,,,UNM,DIVIDEND
0.0925,0.0925,1287667800,,,,UNM,DIVIDEND
0.0925,0.0925,1280323800,,,,UNM,DIVIDEND
0.0825,0.0825,1271943000,,,,UNM,DIVIDEND
0.0825,0.0825,1264084200,,,,UNM,DIVIDEND
0.0825,0.0825,1256218200,,,,UNM,DIVIDEND
0.0825,0.0825,1248874200,,,,UNM,DIVIDEND
0.075,0.075,1240493400,,,,UNM,DIVIDEND
0.075,0.075,1232634600,,,,UNM,DIVIDEND
0.075,0.075,1224768600,,,,UNM,DIVIDEND
0.075,0.075,1216906200,,,,UNM,DIVIDEND
0.075,0.075,1209043800,,,,UNM,DIVIDEND
0.075,0.075,1201185000,,,,UNM,DIVIDEND
0.075,0.075,1193319000,,,,UNM,DIVIDEND
0.075,0.075,1185456600,,,,UNM,DIVIDEND
0.075,0.075,1177594200,,,,UNM,DIVIDEND
0.075,0.075,1169735400,,,,UNM,DIVIDEND
0.075,0.075,1161869400,,,,UNM,DIVIDEND
0.075,0.075,1154007000,,,,UNM,DIVIDEND
0.075,0.075,1145539800,,,,UNM,DIVIDEND
0.075,0.075,1138285800,,,,UNM,DIVIDEND
0.65,0.65,1561642200,,,,WLTW,DIVIDEND
0.65,0.65,1553779800,,,,WLTW,DIVIDEND
0.6,0.6,1546007400,,,,WLTW,DIVIDEND
0.6,0.6,1538055000,,,,WLTW,DIVIDEND
0.6,0.6,1530192600,,,,WLTW,DIVIDEND
0.6,0.6,1522243800,,,,WLTW,DIVIDEND
0.53,0.53,1514471400,,,,WLTW,DIVIDEND
0.53,0.53,1506605400,,,,WLTW,DIVIDEND
0.53,0.53,1498656600,,,,WLTW,DIVIDEND
0.53,0.53,1490794200,,,,WLTW,DIVIDEND
0.48,0.48,1482935400,,,,WLTW,DIVIDEND
0.48,0.48,1475069400,,,,WLTW,DIVIDEND
0.48,0.48,1467120600,,,,WLTW,DIVIDEND
0.48,0.48,1459258200,,,,WLTW,DIVIDEND
,2/1,1452004200,2.0,1.0,2/1,WLTW,SPLIT
0.31,0.31,1447684200,,,,WLTW,DIVIDEND
0.31,0.31,1443447000,,,,WLTW,DIVIDEND
0.31,0.31,1435325400,,,,WLTW,DIVIDEND
0.31,0.31,1427463000,,,,WLTW,DIVIDEND
0.3,0.3,1419863400,,,,WLTW,DIVIDEND
0.3,0.3,1411738200,,,,WLTW,DIVIDEND
0.3,0.3,1403789400,,,,WLTW,DIVIDEND
0.3,0.3,1395927000,,,,WLTW,DIVIDEND
0.28,0.28,1388154600,,,,WLTW,DIVIDEND
0.28,0.28,1380202200,,,,WLTW,DIVIDEND
0.28,0.28,1372253400,,,,WLTW,DIVIDEND
0.28,0.28,1364304600,,,,WLTW,DIVIDEND
0.27,0.27,1356618600,,,,WLTW,DIVIDEND
0.27,0.27,1348666200,,,,WLTW,DIVIDEND
0.27,0.27,1340803800,,,,WLTW,DIVIDEND
0.27,0.27,1332941400,,,,WLTW,DIVIDEND
0.26,0.26,1325082600,,,,WLTW,DIVIDEND
0.26,0.26,1317216600,,,,WLTW,DIVIDEND
0.26,0.26,1309267800,,,,WLTW,DIVIDEND
0.26,0.26,1301405400,,,,WLTW,DIVIDEND
0.26,0.26,1293633000,,,,WLTW,DIVIDEND
0.26,0.26,1285680600,,,,WLTW,DIVIDEND
0.26,0.26,1277731800,,,,WLTW,DIVIDEND
0.26,0.26,1269869400,,,,WLTW,DIVIDEND
0.26,0.26,1262010600,,,,WLTW,DIVIDEND
0.26,0.26,1254144600,,,,WLTW,DIVIDEND
0.26,0.26,1246023000,,,,WLTW,DIVIDEND
0.26,0.26,1238160600,,,,WLTW,DIVIDEND
0.26,0.26,1230561000,,,,WLTW,DIVIDEND
0.26,0.26,1222435800,,,,WLTW,DIVIDEND
0.26,0.26,1214487000,,,,WLTW,DIVIDEND
0.26,0.26,1206624600,,,,WLTW,DIVIDEND
0.25,0.25,1198765800,,,,WLTW,DIVIDEND
0.25,0.25,1190813400,,,,WLTW,DIVIDEND
0.25,0.25,1182951000,,,,WLTW,DIVIDEND
0.25,0.25,1175088600,,,,WLTW,DIVIDEND
0.235,0.235,1167229800,,,,WLTW,DIVIDEND
0.235,0.235,1159363800,,,,WLTW,DIVIDEND
0.235,0.235,1151501400,,,,WLTW,DIVIDEND
0.235,0.235,1143642600,,,,WLTW,DIVIDEND
0.37,0.37,1562679000,,,,LNC,DIVIDEND
0.37,0.37,1554816600,,,,LNC,DIVIDEND
0.37,0.37,1547044200,,,,LNC,DIVIDEND
0.33,0.33,1539091800,,,,LNC,DIVIDEND
0.33,0.33,1531143000,,,,LNC,DIVIDEND
0.33,0.33,1523280600,,,,LNC,DIVIDEND
0.33,0.33,1515508200,,,,LNC,DIVIDEND
0.29,0.29,1507555800,,,,LNC,DIVIDEND
0.29,0.29,1507296600,,,,LNC,DIVIDEND
0.29,0.29,1499347800,,,,LNC,DIVIDEND
0.29,0.29,1491485400,,,,LNC,DIVIDEND
0.29,0.29,1483713000,,,,LNC,DIVIDEND
0.25,0.25,1475760600,,,,LNC,DIVIDEND
0.25,0.25,1475674200,,,,LNC,DIVIDEND
0.25,0.25,1467898200,,,,LNC,DIVIDEND
0.25,0.25,1460035800,,,,LNC,DIVIDEND
0.25,0.25,1452177000,,,,LNC,DIVIDEND
0.2,0.2,1444311000,,,,LNC,DIVIDEND
0.2,0.2,1444224600,,,,LNC,DIVIDEND
0.2,0.2,1436362200,,,,LNC,DIVIDEND
0.2,0.2,1428499800,,,,LNC,DIVIDEND
0.2,0.2,1420727400,,,,LNC,DIVIDEND
0.16,0.16,1412775000,,,,LNC,DIVIDEND
0.16,0.16,1404826200,,,,LNC,DIVIDEND
0.16,0.16,1396963800,,,,LNC,DIVIDEND
0.16,0.16,1389191400,,,,LNC,DIVIDEND
0.12,0.12,1381239000,,,,LNC,DIVIDEND
0.12,0.12,1373290200,,,,LNC,DIVIDEND
0.12,0.12,1365168600,,,,LNC,DIVIDEND
0.12,0.12,1357655400,,,,LNC,DIVIDEND
0.08,0.08,1349443800,,,,LNC,DIVIDEND
0.08,0.08,1341581400,,,,LNC,DIVIDEND
0.08,0.08,1333546200,,,,LNC,DIVIDEND
0.08,0.08,1325860200,,,,LNC,DIVIDEND
0.05,0.05,1317907800,,,,LNC,DIVIDEND
0.05,0.05,1310045400,,,,LNC,DIVIDEND
0.05,0.05,1302183000,,,,LNC,DIVIDEND
0.05,0.05,1294324200,,,,LNC,DIVIDEND
0.01,0.01,1286371800,,,,LNC,DIVIDEND
0.01,0.01,1278509400,,,,LNC,DIVIDEND
0.01,0.01,1270647000,,,,LNC,DIVIDEND
0.01,0.01,1262874600,,,,LNC,DIVIDEND
0.01,0.01,1254922200,,,,LNC,DIVIDEND
0.01,0.01,1247059800,,,,LNC,DIVIDEND
0.01,0.01,1239111000,,,,LNC,DIVIDEND
0.21,0.21,1231338600,,,,LNC,DIVIDEND
0.415,0.415,1223472600,,,,LNC,DIVIDEND
0.415,0.415,1215523800,,,,LNC,DIVIDEND
0.415,0.415,1207575000,,,,LNC,DIVIDEND
0.415,0.415,1199802600,,,,LNC,DIVIDEND
0.395,0.395,1191591000,,,,LNC,DIVIDEND
0.395,0.395,1183728600,,,,LNC,DIVIDEND
0.395,0.395,1175693400,,,,LNC,DIVIDEND
0.395,0.395,1168266600,,,,LNC,DIVIDEND
0.38,0.38,1160487000,,,,LNC,DIVIDEND
0.38,0.38,1152192600,,,,LNC,DIVIDEND
0.38,0.38,1144762200,,,,LNC,DIVIDEND
0.38,0.38,1136557800,,,,LNC,DIVIDEND
0.063,0.063,1566912600,,,,L,DIVIDEND
0.0625,0.0625,1559050200,,,,L,DIVIDEND
0.0625,0.0625,1551191400,,,,L,DIVIDEND
0.0625,0.0625,1543329000,,,,L,DIVIDEND
0.0625,0.0625,1535463000,,,,L,DIVIDEND
0.0625,0.0625,1527600600,,,,L,DIVIDEND
0.0625,0.0625,1519741800,,,,L,DIVIDEND
0.0625,0.0625,1511879400,,,,L,DIVIDEND
0.0625,0.0625,1503927000,,,,L,DIVIDEND
0.0625,0.0625,1495805400,,,,L,DIVIDEND
0.0625,0.0625,1488205800,,,,L,DIVIDEND
0.0625,0.0625,1480343400,,,,L,DIVIDEND
0.0625,0.0625,1472477400,,,,L,DIVIDEND
0.0625,0.0625,1464355800,,,,L,DIVIDEND
0.0625,0.0625,1456497000,,,,L,DIVIDEND
0.0625,0.0625,1448461800,,,,L,DIVIDEND
0.0625,0.0625,1440682200,,,,L,DIVIDEND
0.0625,0.0625,1432819800,,,,L,DIVIDEND
0.0625,0.0625,1424961000,,,,L,DIVIDEND
0.0625,0.0625,1416925800,,,,L,DIVIDEND
0.0625,0.0625,1409146200,,,,L,DIVIDEND
0.0625,0.0625,1401370200,,,,L,DIVIDEND
0.0625,0.0625,1393511400,,,,L,DIVIDEND
0.0625,0.0625,1385476200,,,,L,DIVIDEND
0.0625,0.0625,1377696600,,,,L,DIVIDEND
0.0625,0.0625,1369920600,,,,L,DIVIDEND
0.0625,0.0625,1362580200,,,,L,DIVIDEND
0.0625,0.0625,1361975400,,,,L,DIVIDEND
0.0625,0.0625,1354113000,,,,L,DIVIDEND
0.0625,0.0625,1346247000,,,,L,DIVIDEND
0.0625,0.0625,1338384600,,,,L,DIVIDEND
0.0625,0.0625,1330439400,,,,L,DIVIDEND
0.0625,0.0625,1322231400,,,,L,DIVIDEND
0.0625,0.0625,1314711000,,,,L,DIVIDEND
0.0625,0.0625,1306503000,,,,L,DIVIDEND
0.0625,0.0625,1298644200,,,,L,DIVIDEND
0.0625,0.0625,1290781800,,,,L,DIVIDEND
0.0625,0.0625,1283175000,,,,L,DIVIDEND
0.0625,0.0625,1274967000,,,,L,DIVIDEND
0.0625,0.0625,1267108200,,,,L,DIVIDEND
0.0625,0.0625,1259159400,,,,L,DIVIDEND
0.0625,0.0625,1251466200,,,,L,DIVIDEND
0.0625,0.0625,1243517400,,,,L,DIVIDEND
0.0625,0.0625,1235658600,,,,L,DIVIDEND
0.0625,0.0625,1227709800,,,,L,DIVIDEND
0.0625,0.0625,1219930200,,,,L,DIVIDEND
0.0625,0.0625,1211376600,,,,L,DIVIDEND
0.0625,0.0625,1204209000,,,,L,DIVIDEND
0.0625,0.0625,1196346600,,,,L,DIVIDEND
0.0625,0.0625,1188480600,,,,L,DIVIDEND
0.0625,0.0625,1180531800,,,,L,DIVIDEND
0.0625,0.0625,1172586600,,,,L,DIVIDEND
0.0625,0.0625,1164810600,,,,L,DIVIDEND
0.0625,0.0625,1156944600,,,,L,DIVIDEND
0.0625,0.0625,1148995800,,,,L,DIVIDEND
,1/3,1147181400,1.0,3.0,1/3,L,SPLIT
0.15,0.15,1141050600,,,,L,DIVIDEND
