amount,date,type,data,symbol,numerator,denominator,splitRatio
0.32,1560432600,DIVIDEND,0.32,AIG,,,
0.32,1552570200,DIVIDEND,0.32,AIG,,,
0.32,1544538600,DIVIDEND,0.32,AIG,,,
0.32,1536931800,DIVIDEND,0.32,AIG,,,
0.32,1528896600,DIVIDEND,0.32,AIG,,,
0.32,1521034200,DIVIDEND,0.32,AIG,,,
0.32,1512657000,DIVIDEND,0.32,AIG,,,
0.32,1505395800,DIVIDEND,0.32,AIG,,,
0.32,1497274200,DIVIDEND,0.32,AIG,,,
0.32,1489411800,DIVIDEND,0.32,AIG,,,
0.32,1481034600,DIVIDEND,0.32,AIG,,,
0.32,1473773400,DIVIDEND,0.32,AIG,,,
0.32,1465479000,DIVIDEND,0.32,AIG,,,
0.32,1457620200,DIVIDEND,0.32,AIG,,,
0.28,1449153000,DIVIDEND,0.28,AIG,,,
0.28,1441891800,DIVIDEND,0.28,AIG,,,
0.125,1433856600,DIVIDEND,0.125,AIG,,,
0.125,1425994200,DIVIDEND,0.125,AIG,,,
0.125,1417530600,DIVIDEND,0.125,AIG,,,
0.125,1410269400,DIVIDEND,0.125,AIG,,,
0.125,1402061400,DIVIDEND,0.125,AIG,,,
0.125,1394202600,DIVIDEND,0.125,AIG,,,
0.1,1386081000,DIVIDEND,0.1,AIG,,,
0.1,1378819800,DIVIDEND,0.1,AIG,,,
8.7,1295533800,DIVIDEND,8.7,AIG,,,
,1246455000,SPLIT,20/1,AIG,1.0,20.0,20/1
0.22,1220448600,DIVIDEND,0.22,AIG,,,
0.2,1212586200,DIVIDEND,0.2,AIG,,,
0.2,1204727400,DIVIDEND,0.2,AIG,,,
0.2,1196865000,DIVIDEND,0.2,AIG,,,
0.2,1188999000,DIVIDEND,0.2,AIG,,,
0.165,1180531800,DIVIDEND,0.165,AIG,,,
0.165,1172673000,DIVIDEND,0.165,AIG,,,
0.165,1164810600,DIVIDEND,0.165,AIG,,,
0.165,1156944600,DIVIDEND,0.165,AIG,,,
0.15,1149082200,DIVIDEND,0.15,AIG,,,
0.15,1141223400,DIVIDEND,0.15,AIG,,,
0.27,1566307800,DIVIDEND,0.27,AFL,,,
0.27,1558445400,DIVIDEND,0.27,AFL,,,
0.27,1550586600,DIVIDEND,0.27,AFL,,,
0.26,1542724200,DIVIDEND,0.26,AFL,,,
0.26,1534858200,DIVIDEND,0.26,AFL,,,
0.26,1526995800,DIVIDEND,0.26,AFL,,,
,1521466200,SPLIT,1/2,AFL,2.0,1.0,1/2
,1521207000,SPLIT,1/1,AFL,1.0,1.0,1/1
0.52,1519137000,DIVIDEND,0.52,AFL,,,
0.45,1510669800,DIVIDEND,0.45,AFL,,,
0.43,1503322200,DIVIDEND,0.43,AFL,,,
0.43,1495459800,DIVIDEND,0.43,AFL,,,
0.43,1486996200,DIVIDEND,0.43,AFL,,,
0.43,1479133800,DIVIDEND,0.43,AFL,,,
0.41,1471872600,DIVIDEND,0.41,AFL,,,
0.41,1463405400,DIVIDEND,0.41,AFL,,,
0.41,1455201000,DIVIDEND,0.41,AFL,,,
0.41,1447684200,DIVIDEND,0.41,AFL,,,
0.39,1439818200,DIVIDEND,0.39,AFL,,,
0.39,1431955800,DIVIDEND,0.39,AFL,,,
0.39,1423751400,DIVIDEND,0.39,AFL,,,
0.39,1416234600,DIVIDEND,0.39,AFL,,,
0.37,1408368600,DIVIDEND,0.37,AFL,,,
0.37,1400506200,DIVIDEND,0.37,AFL,,,
0.37,1392215400,DIVIDEND,0.37,AFL,,,
0.37,1384785000,DIVIDEND,0.37,AFL,,,
0.35,1376919000,DIVIDEND,0.35,AFL,,,
0.35,1369056600,DIVIDEND,0.35,AFL,,,
0.35,1360765800,DIVIDEND,0.35,AFL,,,
0.35,1352471400,DIVIDEND,0.35,AFL,,,
0.33,1344864600,DIVIDEND,0.33,AFL,,,
0.33,1337002200,DIVIDEND,0.33,AFL,,,
0.33,1329143400,DIVIDEND,0.33,AFL,,,
0.33,1321281000,DIVIDEND,0.33,AFL,,,
0.3,1313415000,DIVIDEND,0.3,AFL,,,
0.3,1305552600,DIVIDEND,0.3,AFL,,,
0.3,1297434600,DIVIDEND,0.3,AFL,,,
0.3,1289831400,DIVIDEND,0.3,AFL,,,
0.28,1281965400,DIVIDEND,0.28,AFL,,,
0.28,1274103000,DIVIDEND,0.28,AFL,,,
0.28,1265898600,DIVIDEND,0.28,AFL,,,
0.28,1258381800,DIVIDEND,0.28,AFL,,,
0.28,1250515800,DIVIDEND,0.28,AFL,,,
0.28,1242653400,DIVIDEND,0.28,AFL,,,
0.28,1234535400,DIVIDEND,0.28,AFL,,,
0.24,1226932200,DIVIDEND,0.24,AFL,,,
0.24,1219066200,DIVIDEND,0.24,AFL,,,
0.24,1211203800,DIVIDEND,0.24,AFL,,,
0.24,1203085800,DIVIDEND,0.24,AFL,,,
0.205,1195050600,DIVIDEND,0.205,AFL,,,
0.205,1187184600,DIVIDEND,0.205,AFL,,,
0.205,1179322200,DIVIDEND,0.205,AFL,,,
0.185,1171463400,DIVIDEND,0.185,AFL,,,
0.16,1163601000,DIVIDEND,0.16,AFL,,,
0.13,1155735000,DIVIDEND,0.13,AFL,,,
0.13,1147872600,DIVIDEND,0.13,AFL,,,
0.13,1140013800,DIVIDEND,0.13,AFL,,,
0.5,1567085400,DIVIDEND,0.5,ALL,,,
0.5,1559223000,DIVIDEND,0.5,ALL,,,
0.5,1551277800,DIVIDEND,0.5,ALL,,,
0.46,1543501800,DIVIDEND,0.46,ALL,,,
0.46,1535635800,DIVIDEND,0.46,ALL,,,
0.46,1527687000,DIVIDEND,0.46,ALL,,,
0.46,1520001000,DIVIDEND,0.46,ALL,,,
0.37,1511965800,DIVIDEND,0.37,ALL,,,
0.37,1504013400,DIVIDEND,0.37,ALL,,,
0.37,1496323800,DIVIDEND,0.37,ALL,,,
0.37,1487946600,DIVIDEND,0.37,ALL,,,
0.33,1480343400,DIVIDEND,0.33,ALL,,,
0.33,1472477400,DIVIDEND,0.33,ALL,,,
0.33,1464787800,DIVIDEND,0.33,ALL,,,
0.33,1456410600,DIVIDEND,0.33,ALL,,,
0.3,1448461800,DIVIDEND,0.3,ALL,,,
0.3,1440682200,DIVIDEND,0.3,ALL,,,
0.3,1432733400,DIVIDEND,0.3,ALL,,,
0.3,1424961000,DIVIDEND,0.3,ALL,,,
0.28,1416925800,DIVIDEND,0.28,ALL,,,
0.28,1409146200,DIVIDEND,0.28,ALL,,,
0.0,1402493400,DIVIDEND,,ALL,,,
0.0,1401975000,DIVIDEND,,ALL,,,
0.28,1401283800,DIVIDEND,0.28,ALL,,,
0.0,1400592600,DIVIDEND,,ALL,,,
0.0,1400247000,DIVIDEND,,ALL,,,
0.0,1396445400,DIVIDEND,,ALL,,,
0.28,1393511400,DIVIDEND,0.28,ALL,,,
0.25,1385476200,DIVIDEND,0.25,ALL,,,
0.25,1377696600,DIVIDEND,0.25,ALL,,,
0.25,1369834200,DIVIDEND,0.25,ALL,,,
0.25,1361889000,DIVIDEND,0.25,ALL,,,
0.22,1354113000,DIVIDEND,0.22,ALL,,,
0.22,1346247000,DIVIDEND,0.22,ALL,,,
0.22,1338384600,DIVIDEND,0.22,ALL,,,
0.22,1330612200,DIVIDEND,0.22,ALL,,,
0.21,1322490600,DIVIDEND,0.21,ALL,,,
0.21,1314624600,DIVIDEND,0.21,ALL,,,
0.21,1306416600,DIVIDEND,0.21,ALL,,,
0.21,1299681000,DIVIDEND,0.21,ALL,,,
0.2,1290781800,DIVIDEND,0.2,ALL,,,
0.2,1282915800,DIVIDEND,0.2,ALL,,,
0.2,1274880600,DIVIDEND,0.2,ALL,,,
0.2,1268231400,DIVIDEND,0.2,ALL,,,
0.2,1259159400,DIVIDEND,0.2,ALL,,,
0.2,1251379800,DIVIDEND,0.2,ALL,,,
0.2,1243431000,DIVIDEND,0.2,ALL,,,
0.2,1236778200,DIVIDEND,0.2,ALL,,,
0.41,1227623400,DIVIDEND,0.41,ALL,,,
0.41,1219843800,DIVIDEND,0.41,ALL,,,
0.41,1211981400,DIVIDEND,0.41,ALL,,,
0.41,1205328600,DIVIDEND,0.41,ALL,,,
0.38,1196260200,DIVIDEND,0.38,ALL,,,
0.38,1188394200,DIVIDEND,0.38,ALL,,,
0.38,1180531800,DIVIDEND,0.38,ALL,,,
0.38,1173277800,DIVIDEND,0.38,ALL,,,
0.35,1164724200,DIVIDEND,0.35,ALL,,,
0.35,1156858200,DIVIDEND,0.35,ALL,,,
0.35,1148650200,DIVIDEND,0.35,ALL,,,
0.35,1141828200,DIVIDEND,0.35,ALL,,,
0.44,1564579800,DIVIDEND,0.44,AON,,,
0.44,1556631000,DIVIDEND,0.44,AON,,,
0.4,1548945000,DIVIDEND,0.4,AON,,,
0.4,1540992600,DIVIDEND,0.4,AON,,,
0.4,1533821400,DIVIDEND,0.4,AON,,,
0.4,1533043800,DIVIDEND,0.4,AON,,,
0.4,1525095000,DIVIDEND,0.4,AON,,,
0.36,1517409000,DIVIDEND,0.36,AON,,,
0.36,1509456600,DIVIDEND,0.36,AON,,,
0.36,1501248600,DIVIDEND,0.36,AON,,,
0.36,1493299800,DIVIDEND,0.36,AON,,,
0.33,1485786600,DIVIDEND,0.33,AON,,,
0.33,1477661400,DIVIDEND,0.33,AON,,,
0.33,1469712600,DIVIDEND,0.33,AON,,,
0.33,1461850200,DIVIDEND,0.33,AON,,,
0.3,1453991400,DIVIDEND,0.3,AON,,,
0.3,1446125400,DIVIDEND,0.3,AON,,,
0.3,1438263000,DIVIDEND,0.3,AON,,,
0.3,1430314200,DIVIDEND,0.3,AON,,,
0.25,1422541800,DIVIDEND,0.25,AON,,,
0.25,1414675800,DIVIDEND,0.25,AON,,,
0.25,1406727000,DIVIDEND,0.25,AON,,,
0.25,1398778200,DIVIDEND,0.25,AON,,,
0.175,1391092200,DIVIDEND,0.175,AON,,,
0.175,1383139800,DIVIDEND,0.175,AON,,,
0.175,1375191000,DIVIDEND,0.175,AON,,,
0.175,1367242200,DIVIDEND,0.175,AON,,,
0.1575,1359556200,DIVIDEND,0.1575,AON,,,
0.1575,1351690200,DIVIDEND,0.1575,AON,,,
0.1575,1343655000,DIVIDEND,0.1575,AON,,,
0.1575,1335533400,DIVIDEND,0.1575,AON,,,
0.15,1327933800,DIVIDEND,0.15,AON,,,
0.15,1319808600,DIVIDEND,0.15,AON,,,
0.15,1311859800,DIVIDEND,0.15,AON,,,
0.15,1303997400,DIVIDEND,0.15,AON,,,
0.15,1296225000,DIVIDEND,0.15,AON,,,
0.15,1288272600,DIVIDEND,0.15,AON,,,
0.15,1280410200,DIVIDEND,0.15,AON,,,
0.15,1272547800,DIVIDEND,0.15,AON,,,
0.15,1264689000,DIVIDEND,0.15,AON,,,
0.15,1256823000,DIVIDEND,0.15,AON,,,
0.15,1248960600,DIVIDEND,0.15,AON,,,
0.15,1241011800,DIVIDEND,0.15,AON,,,
0.15,1233239400,DIVIDEND,0.15,AON,,,
0.15,1225373400,DIVIDEND,0.15,AON,,,
0.15,1217424600,DIVIDEND,0.15,AON,,,
0.15,1209475800,DIVIDEND,0.15,AON,,,
0.15,1201703400,DIVIDEND,0.15,AON,,,
0.15,1193751000,DIVIDEND,0.15,AON,,,
0.15,1185802200,DIVIDEND,0.15,AON,,,
0.15,1177680600,DIVIDEND,0.15,AON,,,
0.15,1170167400,DIVIDEND,0.15,AON,,,
0.15,1162218600,DIVIDEND,0.15,AON,,,
0.15,1154093400,DIVIDEND,0.15,AON,,,
0.15,1146231000,DIVIDEND,0.15,AON,,,
0.15,1138631400,DIVIDEND,0.15,AON,,,
0.43,1559827800,DIVIDEND,0.43,AJG,,,
0.43,1551364200,DIVIDEND,0.43,AJG,,,
0.41,1544106600,DIVIDEND,0.41,AJG,,,
0.41,1536240600,DIVIDEND,0.41,AJG,,,
0.41,1527773400,DIVIDEND,0.41,AJG,,,
0.41,1519914600,DIVIDEND,0.41,AJG,,,
0.39,1512052200,DIVIDEND,0.39,AJG,,,
0.39,1504099800,DIVIDEND,0.39,AJG,,,
0.39,1496410200,DIVIDEND,0.39,AJG,,,
0.39,1496237400,DIVIDEND,0.39,AJG,,,
0.39,1488378600,DIVIDEND,0.39,AJG,,,
0.38,1480516200,DIVIDEND,0.38,AJG,,,
0.38,1472650200,DIVIDEND,0.38,AJG,,,
0.38,1464787800,DIVIDEND,0.38,AJG,,,
0.38,1456929000,DIVIDEND,0.38,AJG,,,
0.37,1449066600,DIVIDEND,0.37,AJG,,,
0.37,1441200600,DIVIDEND,0.37,AJG,,,
0.37,1433338200,DIVIDEND,0.37,AJG,,,
0.37,1425306600,DIVIDEND,0.37,AJG,,,
0.36,1417617000,DIVIDEND,0.36,AJG,,,
0.36,1409751000,DIVIDEND,0.36,AJG,,,
0.36,1401888600,DIVIDEND,0.36,AJG,,,
0.36,1393597800,DIVIDEND,0.36,AJG,,,
0.35,1385994600,DIVIDEND,0.35,AJG,,,
0.35,1377869400,DIVIDEND,0.35,AJG,,,
0.35,1370007000,DIVIDEND,0.35,AJG,,,
0.35,1362061800,DIVIDEND,0.35,AJG,,,
0.34,1354199400,DIVIDEND,0.34,AJG,,,
0.34,1348666200,DIVIDEND,0.34,AJG,,,
0.34,1340803800,DIVIDEND,0.34,AJG,,,
0.34,1332941400,DIVIDEND,0.34,AJG,,,
0.33,1325082600,DIVIDEND,0.33,AJG,,,
0.33,1317216600,DIVIDEND,0.33,AJG,,,
0.33,1309267800,DIVIDEND,0.33,AJG,,,
0.33,1301405400,DIVIDEND,0.33,AJG,,,
0.32,1293633000,DIVIDEND,0.32,AJG,,,
0.32,1285680600,DIVIDEND,0.32,AJG,,,
0.32,1277731800,DIVIDEND,0.32,AJG,,,
0.32,1269869400,DIVIDEND,0.32,AJG,,,
0.32,1262097000,DIVIDEND,0.32,AJG,,,
0.32,1254144600,DIVIDEND,0.32,AJG,,,
0.32,1246023000,DIVIDEND,0.32,AJG,,,
0.32,1238160600,DIVIDEND,0.32,AJG,,,
0.32,1230561000,DIVIDEND,0.32,AJG,,,
0.32,1222435800,DIVIDEND,0.32,AJG,,,
0.32,1214487000,DIVIDEND,0.32,AJG,,,
0.32,1206624600,DIVIDEND,0.32,AJG,,,
0.31,1198765800,DIVIDEND,0.31,AJG,,,
0.31,1190813400,DIVIDEND,0.31,AJG,,,
0.31,1182951000,DIVIDEND,0.31,AJG,,,
0.31,1175088600,DIVIDEND,0.31,AJG,,,
0.3,1167229800,DIVIDEND,0.3,AJG,,,
0.3,1159363800,DIVIDEND,0.3,AJG,,,
0.3,1151501400,DIVIDEND,0.3,AJG,,,
0.3,1143642600,DIVIDEND,0.3,AJG,,,
0.75,1561037400,DIVIDEND,0.75,CB,,,
0.73,1553175000,DIVIDEND,0.73,CB,,,
0.73,1545316200,DIVIDEND,0.73,CB,,,
0.73,1537450200,DIVIDEND,0.73,CB,,,
0.73,1529587800,DIVIDEND,0.73,CB,,,
0.71,1522243800,DIVIDEND,0.71,CB,,,
0.71,1514471400,DIVIDEND,0.71,CB,,,
0.71,1506605400,DIVIDEND,0.71,CB,,,
0.71,1498656600,DIVIDEND,0.71,CB,,,
0.69,1490794200,DIVIDEND,0.69,CB,,,
0.69,1482935400,DIVIDEND,0.69,CB,,,
0.69,1475069400,DIVIDEND,0.69,CB,,,
0.69,1467120600,DIVIDEND,0.69,CB,,,
0.67,1459258200,DIVIDEND,0.67,CB,,,
0.67,1451399400,DIVIDEND,0.67,CB,,,
0.57,1450276200,DIVIDEND,0.57,CB,,,
0.67,1443447000,DIVIDEND,0.67,CB,,,
0.57,1442496600,DIVIDEND,0.57,CB,,,
0.67,1435325400,DIVIDEND,0.67,CB,,,
0.57,1435152600,DIVIDEND,0.57,CB,,,
0.65,1427463000,DIVIDEND,0.65,CB,,,
0.57,1426080600,DIVIDEND,0.57,CB,,,
0.5,1418826600,DIVIDEND,0.5,CB,,,
0.65,1418653800,DIVIDEND,0.65,CB,,,
0.65,1411738200,DIVIDEND,0.65,CB,,,
0.5,1410960600,DIVIDEND,0.5,CB,,,
0.65,1405949400,DIVIDEND,0.65,CB,,,
0.5,1403703000,DIVIDEND,0.5,CB,,,
0.0,1402493400,DIVIDEND,,CB,,,
0.0,1401975000,DIVIDEND,,CB,,,
0.0,1400592600,DIVIDEND,,CB,,,
0.0,1400247000,DIVIDEND,,CB,,,
0.0,1396445400,DIVIDEND,,CB,,,
0.63,1395840600,DIVIDEND,0.63,CB,,,
0.5,1394631000,DIVIDEND,0.5,CB,,,
0.63,1389623400,DIVIDEND,0.63,CB,,,
0.63,1389277800,DIVIDEND,0.63,CB,,,
0.44,1387377000,DIVIDEND,0.44,CB,,,
0.51,1380202200,DIVIDEND,0.51,CB,,,
0.44,1379511000,DIVIDEND,0.44,CB,,,
0.51,1374240600,DIVIDEND,0.51,CB,,,
0.44,1371648600,DIVIDEND,0.44,CB,,,
0.49,1364304600,DIVIDEND,0.49,CB,,,
0.44,1363181400,DIVIDEND,0.44,CB,,,
0.41,1355927400,DIVIDEND,0.41,CB,,,
0.49,1355409000,DIVIDEND,0.49,CB,,,
0.49,1348666200,DIVIDEND,0.49,CB,,,
0.41,1348061400,DIVIDEND,0.41,CB,,,
0.49,1343395800,DIVIDEND,0.49,CB,,,
0.41,1340199000,DIVIDEND,0.41,CB,,,
0.47,1332941400,DIVIDEND,0.47,CB,,,
0.41,1331731800,DIVIDEND,0.41,CB,,,
0.47,1326205800,DIVIDEND,0.47,CB,,,
0.39,1324477800,DIVIDEND,0.39,CB,,,
0.35,1317216600,DIVIDEND,0.35,CB,,,
0.39,1316611800,DIVIDEND,0.39,CB,,,
0.35,1309267800,DIVIDEND,0.35,CB,,,
0.39,1308749400,DIVIDEND,0.39,CB,,,
0.33,1301491800,DIVIDEND,0.33,CB,,,
0.39,1300282200,DIVIDEND,0.39,CB,,,
0.37,1292941800,DIVIDEND,0.37,CB,,,
0.33,1292337000,DIVIDEND,0.33,CB,,,
0.33,1285767000,DIVIDEND,0.33,CB,,,
0.37,1284557400,DIVIDEND,0.37,CB,,,
0.33,1279891800,DIVIDEND,0.33,CB,,,
0.37,1277299800,DIVIDEND,0.37,CB,,,
0.31,1269869400,DIVIDEND,0.31,CB,,,
0.37,1268832600,DIVIDEND,0.37,CB,,,
0.35,1260973800,DIVIDEND,0.35,CB,,,
0.31,1260887400,DIVIDEND,0.31,CB,,,
0.31,1254231000,DIVIDEND,0.31,CB,,,
0.35,1253107800,DIVIDEND,0.35,CB,,,
0.31,1248442200,DIVIDEND,0.31,CB,,,
0.35,1245850200,DIVIDEND,0.35,CB,,,
0.26,1238160600,DIVIDEND,0.26,CB,,,
0.35,1237383000,DIVIDEND,0.35,CB,,,
0.27,1231252200,DIVIDEND,0.27,CB,,,
0.33,1229524200,DIVIDEND,0.33,CB,,,
0.26,1223991000,DIVIDEND,0.26,CB,,,
0.26,1223559000,DIVIDEND,0.26,CB,,,
0.33,1221658200,DIVIDEND,0.33,CB,,,
0.29,1214487000,DIVIDEND,0.29,CB,,,
0.33,1214400600,DIVIDEND,0.33,CB,,,
0.27,1206624600,DIVIDEND,0.27,CB,,,
0.33,1206538200,DIVIDEND,0.33,CB,,,
0.27,1198765800,DIVIDEND,0.27,CB,,,
0.29,1197642600,DIVIDEND,0.29,CB,,,
0.27,1190813400,DIVIDEND,0.27,CB,,,
0.29,1190208600,DIVIDEND,0.29,CB,,,
0.27,1182951000,DIVIDEND,0.27,CB,,,
0.29,1182346200,DIVIDEND,0.29,CB,,,
0.25,1175088600,DIVIDEND,0.25,CB,,,
0.29,1173879000,DIVIDEND,0.29,CB,,,
0.25,1167229800,DIVIDEND,0.25,CB,,,
0.25,1166538600,DIVIDEND,0.25,CB,,,
0.25,1159363800,DIVIDEND,0.25,CB,,,
0.25,1158759000,DIVIDEND,0.25,CB,,,
0.25,1151501400,DIVIDEND,0.25,CB,,,
0.25,1150896600,DIVIDEND,0.25,CB,,,
,1145453400,SPLIT,2/1,CB,1.0,2.0,2/1
0.23,1143642600,DIVIDEND,0.23,CB,,,
0.25,1142433000,DIVIDEND,0.25,CB,,,
0.56,1560864600,DIVIDEND,0.56,CINF,,,
0.56,1553002200,DIVIDEND,0.56,CINF,,,
0.53,1545143400,DIVIDEND,0.53,CINF,,,
0.53,1537277400,DIVIDEND,0.53,CINF,,,
0.53,1529415000,DIVIDEND,0.53,CINF,,,
0.53,1521552600,DIVIDEND,0.53,CINF,,,
0.5,1513693800,DIVIDEND,0.5,CINF,,,
0.5,1512052200,DIVIDEND,0.5,CINF,,,
0.5,1506000600,DIVIDEND,0.5,CINF,,,
0.5,1497879000,DIVIDEND,0.5,CINF,,,
0.5,1490016600,DIVIDEND,0.5,CINF,,,
0.48,1482157800,DIVIDEND,0.48,CINF,,,
0.48,1474291800,DIVIDEND,0.48,CINF,,,
0.48,1466429400,DIVIDEND,0.48,CINF,,,
0.48,1458567000,DIVIDEND,0.48,CINF,,,
0.46,1450103400,DIVIDEND,0.46,CINF,,,
0.46,1448980200,DIVIDEND,0.46,CINF,,,
0.46,1442237400,DIVIDEND,0.46,CINF,,,
0.46,1434375000,DIVIDEND,0.46,CINF,,,
0.46,1426512600,DIVIDEND,0.46,CINF,,,
0.44,1418653800,DIVIDEND,0.44,CINF,,,
0.44,1410787800,DIVIDEND,0.44,CINF,,,
0.44,1402925400,DIVIDEND,0.44,CINF,,,
0.44,1395063000,DIVIDEND,0.44,CINF,,,
0.42,1387204200,DIVIDEND,0.42,CINF,,,
0.42,1379338200,DIVIDEND,0.42,CINF,,,
0.407,1371475800,DIVIDEND,0.407,CINF,,,
0.407,1363613400,DIVIDEND,0.407,CINF,,,
0.407,1355754600,DIVIDEND,0.407,CINF,,,
0.408,1347888600,DIVIDEND,0.408,CINF,,,
0.403,1340026200,DIVIDEND,0.403,CINF,,,
0.403,1332163800,DIVIDEND,0.403,CINF,,,
0.403,1324305000,DIVIDEND,0.403,CINF,,,
0.403,1316439000,DIVIDEND,0.403,CINF,,,
0.4,1308576600,DIVIDEND,0.4,CINF,,,
0.4,1300714200,DIVIDEND,0.4,CINF,,,
0.4,1292855400,DIVIDEND,0.4,CINF,,,
0.4,1284989400,DIVIDEND,0.4,CINF,,,
0.395,1277127000,DIVIDEND,0.395,CINF,,,
0.395,1269264600,DIVIDEND,0.395,CINF,,,
0.395,1261405800,DIVIDEND,0.395,CINF,,,
0.395,1253107800,DIVIDEND,0.395,CINF,,,
0.39,1245245400,DIVIDEND,0.39,CINF,,,
0.39,1237383000,DIVIDEND,0.39,CINF,,,
0.39,1229524200,DIVIDEND,0.39,CINF,,,
0.39,1221658200,DIVIDEND,0.39,CINF,,,
0.39,1213795800,DIVIDEND,0.39,CINF,,,
0.39,1205847000,DIVIDEND,0.39,CINF,,,
0.355,1198074600,DIVIDEND,0.355,CINF,,,
0.355,1190208600,DIVIDEND,0.355,CINF,,,
0.355,1182346200,DIVIDEND,0.355,CINF,,,
0.355,1174483800,DIVIDEND,0.355,CINF,,,
0.335,1166625000,DIVIDEND,0.335,CINF,,,
0.335,1158759000,DIVIDEND,0.335,CINF,,,
0.335,1150896600,DIVIDEND,0.335,CINF,,,
0.335,1143037800,DIVIDEND,0.335,CINF,,,
1.4,1567517400,DIVIDEND,1.4,RE,,,
1.4,1559050200,DIVIDEND,1.4,RE,,,
1.4,1551796200,DIVIDEND,1.4,RE,,,
1.4,1543329000,DIVIDEND,1.4,RE,,,
1.3,1536067800,DIVIDEND,1.3,RE,,,
1.3,1527600600,DIVIDEND,1.3,RE,,,
1.3,1520346600,DIVIDEND,1.3,RE,,,
1.3,1511879400,DIVIDEND,1.3,RE,,,
1.25,1504272600,DIVIDEND,1.25,RE,,,
1.25,1495805400,DIVIDEND,1.25,RE,,,
1.25,1488810600,DIVIDEND,1.25,RE,,,
1.25,1480343400,DIVIDEND,1.25,RE,,,
1.15,1472823000,DIVIDEND,1.15,RE,,,
1.15,1464355800,DIVIDEND,1.15,RE,,,
1.15,1457361000,DIVIDEND,1.15,RE,,,
1.15,1448893800,DIVIDEND,1.15,RE,,,
0.95,1440423000,DIVIDEND,0.95,RE,,,
0.95,1433165400,DIVIDEND,0.95,RE,,,
0.95,1425907800,DIVIDEND,0.95,RE,,,
0.95,1417444200,DIVIDEND,0.95,RE,,,
0.75,1408973400,DIVIDEND,0.75,RE,,,
0.75,1401715800,DIVIDEND,0.75,RE,,,
0.75,1394458200,DIVIDEND,0.75,RE,,,
0.75,1385994600,DIVIDEND,0.75,RE,,,
0.48,1377523800,DIVIDEND,0.48,RE,,,
0.48,1370266200,DIVIDEND,0.48,RE,,,
0.48,1362407400,DIVIDEND,0.48,RE,,,
0.48,1353940200,DIVIDEND,0.48,RE,,,
0.48,1346074200,DIVIDEND,0.48,RE,,,
0.48,1337952600,DIVIDEND,0.48,RE,,,
0.48,1330957800,DIVIDEND,0.48,RE,,,
0.48,1322490600,DIVIDEND,0.48,RE,,,
0.48,1314624600,DIVIDEND,0.48,RE,,,
0.48,1306503000,DIVIDEND,0.48,RE,,,
0.48,1299508200,DIVIDEND,0.48,RE,,,
0.48,1291041000,DIVIDEND,0.48,RE,,,
0.48,1283175000,DIVIDEND,0.48,RE,,,
0.48,1275053400,DIVIDEND,0.48,RE,,,
0.48,1268058600,DIVIDEND,0.48,RE,,,
0.48,1259591400,DIVIDEND,0.48,RE,,,
0.48,1251725400,DIVIDEND,0.48,RE,,,
0.48,1242999000,DIVIDEND,0.48,RE,,,
0.48,1236004200,DIVIDEND,0.48,RE,,,
0.48,1227191400,DIVIDEND,0.48,RE,,,
0.48,1219325400,DIVIDEND,0.48,RE,,,
0.48,1211376600,DIVIDEND,0.48,RE,,,
0.48,1204209000,DIVIDEND,0.48,RE,,,
0.48,1196260200,DIVIDEND,0.48,RE,,,
0.48,1188912600,DIVIDEND,0.48,RE,,,
0.48,1180704600,DIVIDEND,0.48,RE,,,
0.48,1172759400,DIVIDEND,0.48,RE,,,
0.24,1164205800,DIVIDEND,0.24,RE,,,
0.12,1156426200,DIVIDEND,0.12,RE,,,
0.12,1148477400,DIVIDEND,0.12,RE,,,
0.12,1141309800,DIVIDEND,0.12,RE,,,
0.1725,1562160600,DIVIDEND,0.1725,GL,,,
0.1725,1554384600,DIVIDEND,0.1725,GL,,,
0.16,1546525800,DIVIDEND,0.16,GL,,,
0.16,1538659800,DIVIDEND,0.16,GL,,,
0.16,1530624600,DIVIDEND,0.16,GL,,,
0.16,1522675800,DIVIDEND,0.16,GL,,,
0.15,1515076200,DIVIDEND,0.15,GL,,,
0.15,1507210200,DIVIDEND,0.15,GL,,,
0.15,1498829400,DIVIDEND,0.15,GL,,,
0.15,1490880600,DIVIDEND,0.15,GL,,,
0.14,1483540200,DIVIDEND,0.14,GL,,,
0.14,1475674200,DIVIDEND,0.14,GL,,,
0.14,1467207000,DIVIDEND,0.14,GL,,,
0.14,1459431000,DIVIDEND,0.14,GL,,,
0.135,1451917800,DIVIDEND,0.135,GL,,,
0.135,1443619800,DIVIDEND,0.135,GL,,,
0.135,1435671000,DIVIDEND,0.135,GL,,,
0.135,1427808600,DIVIDEND,0.135,GL,,,
0.1267,1420036200,DIVIDEND,0.1267,GL,,,
0.1267,1412170200,DIVIDEND,0.1267,GL,,,
,1404307800,SPLIT,2/3,GL,3.0,2.0,2/3
0.19,1401370200,DIVIDEND,0.19,GL,,,
0.19,1396359000,DIVIDEND,0.19,GL,,,
0.17,1388500200,DIVIDEND,0.17,GL,,,
0.17,1380720600,DIVIDEND,0.17,GL,,,
0.17,1372771800,DIVIDEND,0.17,GL,,,
,1368624600,SPLIT,10/1,GL,1.0,10.0,10/1
,1367587800,SPLIT,6/5,GL,5.0,6.0,6/5
0.17,1364995800,DIVIDEND,0.17,GL,,,
0.15,1357137000,DIVIDEND,0.15,GL,,,
0.15,1349271000,DIVIDEND,0.15,GL,,,
0.15,1341322200,DIVIDEND,0.15,GL,,,
0.15,1333459800,DIVIDEND,0.15,GL,,,
0.12,1325687400,DIVIDEND,0.12,GL,,,
0.12,1317821400,DIVIDEND,0.12,GL,,,
,1309872600,SPLIT,2/3,GL,3.0,2.0,2/3
0.11,1306503000,DIVIDEND,0.11,GL,,,
0.16,1301491800,DIVIDEND,0.16,GL,,,
0.16,1294151400,DIVIDEND,0.16,GL,,,
0.16,1285767000,DIVIDEND,0.16,GL,,,
0.15,1277904600,DIVIDEND,0.15,GL,,,
0.15,1269955800,DIVIDEND,0.15,GL,,,
0.15,1262615400,DIVIDEND,0.15,GL,,,
0.14,1254317400,DIVIDEND,0.14,GL,,,
0.14,1246455000,DIVIDEND,0.14,GL,,,
0.14,1238592600,DIVIDEND,0.14,GL,,,
0.14,1230647400,DIVIDEND,0.14,GL,,,
0.14,1222867800,DIVIDEND,0.14,GL,,,
0.14,1215005400,DIVIDEND,0.14,GL,,,
0.14,1207143000,DIVIDEND,0.14,GL,,,
0.13,1199284200,DIVIDEND,0.13,GL,,,
0.13,1191418200,DIVIDEND,0.13,GL,,,
0.13,1183469400,DIVIDEND,0.13,GL,,,
0.13,1175607000,DIVIDEND,0.13,GL,,,
0.13,1167834600,DIVIDEND,0.13,GL,,,
0.13,1159968600,DIVIDEND,0.13,GL,,,
0.13,1152106200,DIVIDEND,0.13,GL,,,
0.11,1144243800,DIVIDEND,0.11,GL,,,
0.11,1136298600,DIVIDEND,0.11,GL,,,
0.3,1567171800,DIVIDEND,0.3,HIG,,,
0.3,1559309400,DIVIDEND,0.3,HIG,,,
0.3,1551450600,DIVIDEND,0.3,HIG,,,
0.3,1543588200,DIVIDEND,0.3,HIG,,,
0.3,1535722200,DIVIDEND,0.3,HIG,,,
0.25,1527773400,DIVIDEND,0.25,HIG,,,
0.25,1520001000,DIVIDEND,0.25,HIG,,,
0.25,1512052200,DIVIDEND,0.25,HIG,,,
0.23,1504099800,DIVIDEND,0.23,HIG,,,
0.23,1496151000,DIVIDEND,0.23,HIG,,,
0.23,1488465000,DIVIDEND,0.23,HIG,,,
0.23,1480429800,DIVIDEND,0.23,HIG,,,
0.21,1472563800,DIVIDEND,0.21,HIG,,,
0.21,1464355800,DIVIDEND,0.21,HIG,,,
0.21,1457015400,DIVIDEND,0.21,HIG,,,
0.21,1448634600,DIVIDEND,0.21,HIG,,,
0.21,1440768600,DIVIDEND,0.21,HIG,,,
0.18,1432819800,DIVIDEND,0.18,HIG,,,
0.18,1425565800,DIVIDEND,0.18,HIG,,,
0.18,1417012200,DIVIDEND,0.18,HIG,,,
0.18,1409232600,DIVIDEND,0.18,HIG,,,
0.15,1401370200,DIVIDEND,0.15,HIG,,,
0.15,1394116200,DIVIDEND,0.15,HIG,,,
0.15,1385562600,DIVIDEND,0.15,HIG,,,
0.15,1377783000,DIVIDEND,0.15,HIG,,,
0.1,1369920600,DIVIDEND,0.1,HIG,,,
0.1,1362666600,DIVIDEND,0.1,HIG,,,
0.1,1354199400,DIVIDEND,0.1,HIG,,,
0.1,1346333400,DIVIDEND,0.1,HIG,,,
0.1,1338384600,DIVIDEND,0.1,HIG,,,
0.1,1330612200,DIVIDEND,0.1,HIG,,,
0.1,1322577000,DIVIDEND,0.1,HIG,,,
0.1,1314711000,DIVIDEND,0.1,HIG,,,
0.1,1306503000,DIVIDEND,0.1,HIG,,,
0.1,1298644200,DIVIDEND,0.1,HIG,,,
0.05,1291041000,DIVIDEND,0.05,HIG,,,
0.05,1283175000,DIVIDEND,0.05,HIG,,,
0.05,1274967000,DIVIDEND,0.05,HIG,,,
0.05,1267108200,DIVIDEND,0.05,HIG,,,
0.05,1259332200,DIVIDEND,0.05,HIG,,,
0.05,1251725400,DIVIDEND,0.05,HIG,,,
0.05,1243517400,DIVIDEND,0.05,HIG,,,
0.05,1235658600,DIVIDEND,0.05,HIG,,,
0.32,1227709800,DIVIDEND,0.32,HIG,,,
0.53,1219930200,DIVIDEND,0.53,HIG,,,
0.53,1212067800,DIVIDEND,0.53,HIG,,,
0.53,1204209000,DIVIDEND,0.53,HIG,,,
0.53,1196346600,DIVIDEND,0.53,HIG,,,
0.5,1188480600,DIVIDEND,0.5,HIG,,,
0.5,1180531800,DIVIDEND,0.5,HIG,,,
0.5,1172586600,DIVIDEND,0.5,HIG,,,
0.5,1164810600,DIVIDEND,0.5,HIG,,,
0.4,1156944600,DIVIDEND,0.4,HIG,,,
0.4,1148995800,DIVIDEND,0.4,HIG,,,
0.4,1141050600,DIVIDEND,0.4,HIG,,,
0.455,1562765400,DIVIDEND,0.455,MMC,,,
0.415,1554816600,DIVIDEND,0.415,MMC,,,
0.415,1548772200,DIVIDEND,0.415,MMC,,,
0.415,1539178200,DIVIDEND,0.415,MMC,,,
0.415,1531229400,DIVIDEND,0.415,MMC,,,
0.375,1523280600,DIVIDEND,0.375,MMC,,,
0.375,1517322600,DIVIDEND,0.375,MMC,,,
0.375,1507555800,DIVIDEND,0.375,MMC,,,
0.375,1507296600,DIVIDEND,0.375,MMC,,,
0.375,1499434200,DIVIDEND,0.375,MMC,,,
0.34,1491399000,DIVIDEND,0.34,MMC,,,
0.34,1485181800,DIVIDEND,0.34,MMC,,,
0.34,1476106200,DIVIDEND,0.34,MMC,,,
0.34,1475760600,DIVIDEND,0.34,MMC,,,
0.34,1467898200,DIVIDEND,0.34,MMC,,,
0.31,1459949400,DIVIDEND,0.31,MMC,,,
0.31,1453386600,DIVIDEND,0.31,MMC,,,
0.31,1444224600,DIVIDEND,0.31,MMC,,,
0.31,1436362200,DIVIDEND,0.31,MMC,,,
0.28,1428499800,DIVIDEND,0.28,MMC,,,
0.28,1421937000,DIVIDEND,0.28,MMC,,,
0.28,1412775000,DIVIDEND,0.28,MMC,,,
0.28,1404912600,DIVIDEND,0.28,MMC,,,
0.25,1396963800,DIVIDEND,0.25,MMC,,,
0.25,1390833000,DIVIDEND,0.25,MMC,,,
0.25,1381325400,DIVIDEND,0.25,MMC,,,
0.25,1373376600,DIVIDEND,0.25,MMC,,,
0.23,1365427800,DIVIDEND,0.23,MMC,,,
0.23,1359037800,DIVIDEND,0.23,MMC,,,
0.23,1349789400,DIVIDEND,0.23,MMC,,,
0.23,1341840600,DIVIDEND,0.23,MMC,,,
0.22,1333632600,DIVIDEND,0.22,MMC,,,
0.22,1327588200,DIVIDEND,0.22,MMC,,,
0.22,1317907800,DIVIDEND,0.22,MMC,,,
0.22,1310045400,DIVIDEND,0.22,MMC,,,
0.21,1302096600,DIVIDEND,0.21,MMC,,,
0.21,1296052200,DIVIDEND,0.21,MMC,,,
0.21,1286371800,DIVIDEND,0.21,MMC,,,
0.2,1278509400,DIVIDEND,0.2,MMC,,,
0.2,1270647000,DIVIDEND,0.2,MMC,,,
0.2,1264602600,DIVIDEND,0.2,MMC,,,
0.2,1254922200,DIVIDEND,0.2,MMC,,,
0.2,1247059800,DIVIDEND,0.2,MMC,,,
0.2,1239111000,DIVIDEND,0.2,MMC,,,
0.2,1233153000,DIVIDEND,0.2,MMC,,,
0.2,1223991000,DIVIDEND,0.2,MMC,,,
0.2,1215091800,DIVIDEND,0.2,MMC,,,
0.2,1207315800,DIVIDEND,0.2,MMC,,,
0.2,1201185000,DIVIDEND,0.2,MMC,,,
0.19,1192109400,DIVIDEND,0.19,MMC,,,
0.19,1183469400,DIVIDEND,0.19,MMC,,,
0.19,1175607000,DIVIDEND,0.19,MMC,,,
0.19,1169476200,DIVIDEND,0.19,MMC,,,
0.17,1160659800,DIVIDEND,0.17,MMC,,,
0.17,1152106200,DIVIDEND,0.17,MMC,,,
0.17,1144243800,DIVIDEND,0.17,MMC,,,
0.17,1136471400,DIVIDEND,0.17,MMC,,,
0.44,1565011800,DIVIDEND,0.44,MET,,,
0.44,1557149400,DIVIDEND,0.44,MET,,,
0.42,1549290600,DIVIDEND,0.42,MET,,,
0.42,1541428200,DIVIDEND,0.42,MET,,,
0.42,1533303000,DIVIDEND,0.42,MET,,,
0.42,1525440600,DIVIDEND,0.42,MET,,,
0.4,1517581800,DIVIDEND,0.4,MET,,,
0.4,1509715800,DIVIDEND,0.4,MET,,,
,1502112600,SPLIT,1000/1122,MET,1122.0,1000.0,1000/1122
0.4,1501767000,DIVIDEND,0.4,MET,,,
0.4,1493904600,DIVIDEND,0.4,MET,,,
0.4,1486045800,DIVIDEND,0.4,MET,,,
0.4,1478179800,DIVIDEND,0.4,MET,,,
0.4,1470317400,DIVIDEND,0.4,MET,,,
0.4,1462455000,DIVIDEND,0.4,MET,,,
0.375,1454509800,DIVIDEND,0.375,MET,,,
0.375,1446647400,DIVIDEND,0.375,MET,,,
0.375,1438781400,DIVIDEND,0.375,MET,,,
0.375,1431005400,DIVIDEND,0.375,MET,,,
0.35,1423060200,DIVIDEND,0.35,MET,,,
0.35,1415197800,DIVIDEND,0.35,MET,,,
0.35,1407331800,DIVIDEND,0.35,MET,,,
0.35,1399469400,DIVIDEND,0.35,MET,,,
0.275,1391524200,DIVIDEND,0.275,MET,,,
0.275,1383748200,DIVIDEND,0.275,MET,,,
0.275,1375882200,DIVIDEND,0.275,MET,,,
0.275,1367933400,DIVIDEND,0.275,MET,,,
0.185,1359988200,DIVIDEND,0.185,MET,,,
0.74,1352298600,DIVIDEND,0.74,MET,,,
0.74,1320676200,DIVIDEND,0.74,MET,,,
0.74,1288963800,DIVIDEND,0.74,MET,,,
0.74,1257431400,DIVIDEND,0.74,MET,,,
0.74,1225981800,DIVIDEND,0.74,MET,,,
0.74,1194010200,DIVIDEND,0.74,MET,,,
0.59,1162477800,DIVIDEND,0.59,MET,,,
0.54,1559309400,DIVIDEND,0.54,PFG,,,
0.54,1551450600,DIVIDEND,0.54,PFG,,,
0.54,1543588200,DIVIDEND,0.54,PFG,,,
0.53,1536154200,DIVIDEND,0.53,PFG,,,
0.52,1527859800,DIVIDEND,0.52,PFG,,,
0.51,1520001000,DIVIDEND,0.51,PFG,,,
0.49,1512138600,DIVIDEND,0.49,PFG,,,
0.47,1504099800,DIVIDEND,0.47,PFG,,,
0.46,1496323800,DIVIDEND,0.46,PFG,,,
0.45,1488465000,DIVIDEND,0.45,PFG,,,
0.43,1480602600,DIVIDEND,0.43,PFG,,,
0.41,1472650200,DIVIDEND,0.41,PFG,,,
0.39,1464874200,DIVIDEND,0.39,PFG,,,
0.38,1457015400,DIVIDEND,0.38,PFG,,,
0.38,1449153000,DIVIDEND,0.38,PFG,,,
0.38,1441200600,DIVIDEND,0.38,PFG,,,
0.38,1433424600,DIVIDEND,0.38,PFG,,,
0.36,1425565800,DIVIDEND,0.36,PFG,,,
0.34,1417703400,DIVIDEND,0.34,PFG,,,
0.34,1409837400,DIVIDEND,0.34,PFG,,,
0.32,1401975000,DIVIDEND,0.32,PFG,,,
0.28,1394116200,DIVIDEND,0.28,PFG,,,
0.26,1386253800,DIVIDEND,0.26,PFG,,,
0.26,1378215000,DIVIDEND,0.26,PFG,,,
0.23,1369920600,DIVIDEND,0.23,PFG,,,
0.23,1362666600,DIVIDEND,0.23,PFG,,,
0.21,1354804200,DIVIDEND,0.21,PFG,,,
0.21,1346765400,DIVIDEND,0.21,PFG,,,
0.18,1338471000,DIVIDEND,0.18,PFG,,,
0.18,1331217000,DIVIDEND,0.18,PFG,,,
0.7,1320762600,DIVIDEND,0.7,PFG,,,
0.55,1290004200,DIVIDEND,0.55,PFG,,,
0.5,1257863400,DIVIDEND,0.5,PFG,,,
0.45,1226500200,DIVIDEND,0.45,PFG,,,
0.9,1195050600,DIVIDEND,0.9,PFG,,,
0.8,1164033000,DIVIDEND,0.8,PFG,,,
0.1,1562160600,DIVIDEND,0.1,PGR,,,
0.1,1554384600,DIVIDEND,0.1,PGR,,,
2.514,1549031400,DIVIDEND,2.514,PGR,,,
1.1247,1517495400,DIVIDEND,1.1247,PGR,,,
0.681,1485959400,DIVIDEND,0.681,PGR,,,
0.8882,1454337000,DIVIDEND,0.8882,PGR,,,
0.686,1422887400,DIVIDEND,0.686,PGR,,,
0.4929,1390833000,DIVIDEND,0.4929,PGR,,,
,1390833000,SPLIT,1/1,PGR,1.0,1.0,1/1
0.2845,1358951400,DIVIDEND,0.2845,PGR,,,
1.0,1353335400,DIVIDEND,1,PGR,,,
0.4072,1327415400,DIVIDEND,0.4072,PGR,,,
0.3987,1295965800,DIVIDEND,0.3987,PGR,,,
1.0,1292509800,DIVIDEND,1,PGR,,,
0.1613,1264429800,DIVIDEND,0.1613,PGR,,,
0.145,1200580200,DIVIDEND,0.145,PGR,,,
2.0,1188394200,DIVIDEND,2,PGR,,,
0.00875,1165415400,DIVIDEND,0.00875,PGR,,,
0.0088,1157549400,DIVIDEND,0.0088,PGR,,,
0.0075,1149687000,DIVIDEND,0.0075,PGR,,,
,1148045400,SPLIT,1/4,PGR,4.0,1.0,1/4
0.03,1141828200,DIVIDEND,0.03,PGR,,,
1.0,1566221400,DIVIDEND,1,PRU,,,
1.0,1558704600,DIVIDEND,1,PRU,,,
1.0,1550586600,DIVIDEND,1,PRU,,,
0.9,1542983400,DIVIDEND,0.9,PRU,,,
0.9,1534771800,DIVIDEND,0.9,PRU,,,
0.9,1526909400,DIVIDEND,0.9,PRU,,,
0.9,1519137000,DIVIDEND,0.9,PRU,,,
0.75,1511533800,DIVIDEND,0.75,PRU,,,
0.75,1503063000,DIVIDEND,0.75,PRU,,,
0.75,1495200600,DIVIDEND,0.75,PRU,,,
0.75,1487341800,DIVIDEND,0.75,PRU,,,
0.7,1479479400,DIVIDEND,0.7,PRU,,,
0.7,1471613400,DIVIDEND,0.7,PRU,,,
0.7,1463751000,DIVIDEND,0.7,PRU,,,
0.7,1455892200,DIVIDEND,0.7,PRU,,,
0.7,1448029800,DIVIDEND,0.7,PRU,,,
0.58,1440163800,DIVIDEND,0.58,PRU,,,
0.58,1432215000,DIVIDEND,0.58,PRU,,,
0.58,1424442600,DIVIDEND,0.58,PRU,,,
0.58,1416580200,DIVIDEND,0.58,PRU,,,
0.53,1408714200,DIVIDEND,0.53,PRU,,,
0.53,1400765400,DIVIDEND,0.53,PRU,,,
0.53,1392993000,DIVIDEND,0.53,PRU,,,
0.53,1385130600,DIVIDEND,0.53,PRU,,,
0.4,1377264600,DIVIDEND,0.4,PRU,,,
0.4,1369402200,DIVIDEND,0.4,PRU,,,
0.4,1361543400,DIVIDEND,0.4,PRU,,,
1.6,1353076200,DIVIDEND,1.6,PRU,,,
1.45,1321626600,DIVIDEND,1.45,PRU,,,
1.15,1290177000,DIVIDEND,1.15,PRU,,,
0.7,1258727400,DIVIDEND,0.7,PRU,,,
0.58,1227191400,DIVIDEND,0.58,PRU,,,
1.15,1195655400,DIVIDEND,1.15,PRU,,,
0.95,1164205800,DIVIDEND,0.95,PRU,,,
0.82,1559914200,DIVIDEND,0.82,TRV,,,
0.77,1552055400,DIVIDEND,0.77,TRV,,,
0.77,1544193000,DIVIDEND,0.77,TRV,,,
0.77,1536327000,DIVIDEND,0.77,TRV,,,
0.77,1528378200,DIVIDEND,0.77,TRV,,,
0.72,1520519400,DIVIDEND,0.72,TRV,,,
0.72,1512743400,DIVIDEND,0.72,TRV,,,
0.72,1504791000,DIVIDEND,0.72,TRV,,,
0.72,1496842200,DIVIDEND,0.72,TRV,,,
0.67,1488983400,DIVIDEND,0.67,TRV,,,
0.67,1481121000,DIVIDEND,0.67,TRV,,,
0.67,1473255000,DIVIDEND,0.67,TRV,,,
0.67,1465392600,DIVIDEND,0.67,TRV,,,
0.61,1457447400,DIVIDEND,0.61,TRV,,,
0.61,1449585000,DIVIDEND,0.61,TRV,,,
0.61,1441719000,DIVIDEND,0.61,TRV,,,
0.61,1433770200,DIVIDEND,0.61,TRV,,,
0.55,1425652200,DIVIDEND,0.55,TRV,,,
0.55,1418049000,DIVIDEND,0.55,TRV,,,
0.55,1410183000,DIVIDEND,0.55,TRV,,,
0.55,1402061400,DIVIDEND,0.55,TRV,,,
0.5,1394116200,DIVIDEND,0.5,TRV,,,
0.5,1386340200,DIVIDEND,0.5,TRV,,,
0.5,1378474200,DIVIDEND,0.5,TRV,,,
0.5,1370525400,DIVIDEND,0.5,TRV,,,
0.46,1362580200,DIVIDEND,0.46,TRV,,,
0.46,1354804200,DIVIDEND,0.46,TRV,,,
0.46,1346938200,DIVIDEND,0.46,TRV,,,
0.46,1338989400,DIVIDEND,0.46,TRV,,,
0.41,1331130600,DIVIDEND,0.41,TRV,,,
0.41,1323268200,DIVIDEND,0.41,TRV,,,
0.41,1315402200,DIVIDEND,0.41,TRV,,,
0.41,1307539800,DIVIDEND,0.41,TRV,,,
0.36,1299594600,DIVIDEND,0.36,TRV,,,
0.36,1291818600,DIVIDEND,0.36,TRV,,,
0.36,1283952600,DIVIDEND,0.36,TRV,,,
0.36,1276003800,DIVIDEND,0.36,TRV,,,
0.33,1268058600,DIVIDEND,0.33,TRV,,,
0.33,1260282600,DIVIDEND,0.33,TRV,,,
0.3,1252416600,DIVIDEND,0.3,TRV,,,
0.3,1244467800,DIVIDEND,0.3,TRV,,,
0.3,1236349800,DIVIDEND,0.3,TRV,,,
0.3,1228746600,DIVIDEND,0.3,TRV,,,
0.3,1220880600,DIVIDEND,0.3,TRV,,,
0.3,1212759000,DIVIDEND,0.3,TRV,,,
0.29,1204813800,DIVIDEND,0.29,TRV,,,
0.29,1196951400,DIVIDEND,0.29,TRV,,,
0.29,1189085400,DIVIDEND,0.29,TRV,,,
0.29,1181136600,DIVIDEND,0.29,TRV,,,
0.26,1173277800,DIVIDEND,0.26,TRV,,,
0.26,1165415400,DIVIDEND,0.26,TRV,,,
0.26,1157549400,DIVIDEND,0.26,TRV,,,
0.26,1149687000,DIVIDEND,0.26,TRV,,,
0.23,1141828200,DIVIDEND,0.23,TRV,,,
0.285,1564147800,DIVIDEND,0.285,UNM,,,
0.26,1556285400,DIVIDEND,0.26,UNM,,,
0.26,1548426600,DIVIDEND,0.26,UNM,,,
0.26,1540560600,DIVIDEND,0.26,UNM,,,
0.26,1532698200,DIVIDEND,0.26,UNM,,,
0.23,1524835800,DIVIDEND,0.23,UNM,,,
0.23,1516977000,DIVIDEND,0.23,UNM,,,
0.23,1509111000,DIVIDEND,0.23,UNM,,,
0.23,1501162200,DIVIDEND,0.23,UNM,,,
0.2,1493213400,DIVIDEND,0.2,UNM,,,
0.2,1485441000,DIVIDEND,0.2,UNM,,,
0.2,1477575000,DIVIDEND,0.2,UNM,,,
0.2,1469626200,DIVIDEND,0.2,UNM,,,
0.185,1461763800,DIVIDEND,0.185,UNM,,,
0.185,1453905000,DIVIDEND,0.185,UNM,,,
0.185,1446039000,DIVIDEND,0.185,UNM,,,
0.185,1438176600,DIVIDEND,0.185,UNM,,,
0.165,1429795800,DIVIDEND,0.165,UNM,,,
0.165,1422455400,DIVIDEND,0.165,UNM,,,
0.165,1414589400,DIVIDEND,0.165,UNM,,,
0.165,1406208600,DIVIDEND,0.165,UNM,,,
0.145,1398346200,DIVIDEND,0.145,UNM,,,
0.145,1391005800,DIVIDEND,0.145,UNM,,,
0.145,1382621400,DIVIDEND,0.145,UNM,,,
0.145,1374759000,DIVIDEND,0.145,UNM,,,
0.13,1366896600,DIVIDEND,0.13,UNM,,,
0.13,1359037800,DIVIDEND,0.13,UNM,,,
0.13,1351171800,DIVIDEND,0.13,UNM,,,
0.13,1343309400,DIVIDEND,0.13,UNM,,,
0.105,1335447000,DIVIDEND,0.105,UNM,,,
0.105,1327588200,DIVIDEND,0.105,UNM,,,
0.105,1319722200,DIVIDEND,0.105,UNM,,,
0.105,1311773400,DIVIDEND,0.105,UNM,,,
0.0925,1303306200,DIVIDEND,0.0925,UNM,,,
0.0925,1296138600,DIVIDEND,0.0925,UNM,,,
0.0925,1287667800,DIVIDEND,0.0925,UNM,,,
0.0925,1280323800,DIVIDEND,0.0925,UNM,,,
0.0825,1271943000,DIVIDEND,0.0825,UNM,,,
0.0825,1264084200,DIVIDEND,0.0825,UNM,,,
0.0825,1256218200,DIVIDEND,0.0825,UNM,,,
0.0825,1248874200,DIVIDEND,0.0825,UNM,,,
0.075,1240493400,DIVIDEND,0.075,UNM,,,
0.075,1232634600,DIVIDEND,0.075,UNM,,,
0.075,1224768600,DIVIDEND,0.075,UNM,,,
0.075,1216906200,DIVIDEND,0.075,UNM,,,
0.075,1209043800,DIVIDEND,0.075,UNM,,,
0.075,1201185000,DIVIDEND,0.075,UNM,,,
0.075,1193319000,DIVIDEND,0.075,UNM,,,
0.075,1185456600,DIVIDEND,0.075,UNM,,,
0.075,1177594200,DIVIDEND,0.075,UNM,,,
0.075,1169735400,DIVIDEND,0.075,UNM,,,
0.075,1161869400,DIVIDEND,0.075,UNM,,,
0.075,1154007000,DIVIDEND,0.075,UNM,,,
0.075,1145539800,DIVIDEND,0.075,UNM,,,
0.075,1138285800,DIVIDEND,0.075,UNM,,,
0.65,1561642200,DIVIDEND,0.65,WLTW,,,
0.65,1553779800,DIVIDEND,0.65,WLTW,,,
0.6,1546007400,DIVIDEND,0.6,WLTW,,,
0.6,1538055000,DIVIDEND,0.6,WLTW,,,
0.6,1530192600,DIVIDEND,0.6,WLTW,,,
0.6,1522243800,DIVIDEND,0.6,WLTW,,,
0.53,1514471400,DIVIDEND,0.53,WLTW,,,
0.53,1506605400,DIVIDEND,0.53,WLTW,,,
0.53,1498656600,DIVIDEND,0.53,WLTW,,,
0.53,1490794200,DIVIDEND,0.53,WLTW,,,
0.48,1482935400,DIVIDEND,0.48,WLTW,,,
0.48,1475069400,DIVIDEND,0.48,WLTW,,,
0.48,1467120600,DIVIDEND,0.48,WLTW,,,
0.48,1459258200,DIVIDEND,0.48,WLTW,,,
,1452004200,SPLIT,2/1,WLTW,1.0,2.0,2/1
0.31,1447684200,DIVIDEND,0.31,WLTW,,,
0.31,1443447000,DIVIDEND,0.31,WLTW,,,
0.31,1435325400,DIVIDEND,0.31,WLTW,,,
0.31,1427463000,DIVIDEND,0.31,WLTW,,,
0.3,1419863400,DIVIDEND,0.3,WLTW,,,
0.3,1411738200,DIVIDEND,0.3,WLTW,,,
0.3,1403789400,DIVIDEND,0.3,WLTW,,,
0.3,1395927000,DIVIDEND,0.3,WLTW,,,
0.28,1388154600,DIVIDEND,0.28,WLTW,,,
0.28,1380202200,DIVIDEND,0.28,WLTW,,,
0.28,1372253400,DIVIDEND,0.28,WLTW,,,
0.28,1364304600,DIVIDEND,0.28,WLTW,,,
0.27,1356618600,DIVIDEND,0.27,WLTW,,,
0.27,1348666200,DIVIDEND,0.27,WLTW,,,
0.27,1340803800,DIVIDEND,0.27,WLTW,,,
0.27,1332941400,DIVIDEND,0.27,WLTW,,,
0.26,1325082600,DIVIDEND,0.26,WLTW,,,
0.26,1317216600,DIVIDEND,0.26,WLTW,,,
0.26,1309267800,DIVIDEND,0.26,WLTW,,,
0.26,1301405400,DIVIDEND,0.26,WLTW,,,
0.26,1293633000,DIVIDEND,0.26,WLTW,,,
0.26,1285680600,DIVIDEND,0.26,WLTW,,,
0.26,1277731800,DIVIDEND,0.26,WLTW,,,
0.26,1269869400,DIVIDEND,0.26,WLTW,,,
0.26,1262010600,DIVIDEND,0.26,WLTW,,,
0.26,1254144600,DIVIDEND,0.26,WLTW,,,
0.26,1246023000,DIVIDEND,0.26,WLTW,,,
0.26,1238160600,DIVIDEND,0.26,WLTW,,,
0.26,1230561000,DIVIDEND,0.26,WLTW,,,
0.26,1222435800,DIVIDEND,0.26,WLTW,,,
0.26,1214487000,DIVIDEND,0.26,WLTW,,,
0.26,1206624600,DIVIDEND,0.26,WLTW,,,
0.25,1198765800,DIVIDEND,0.25,WLTW,,,
0.25,1190813400,DIVIDEND,0.25,WLTW,,,
0.25,1182951000,DIVIDEND,0.25,WLTW,,,
0.25,1175088600,DIVIDEND,0.25,WLTW,,,
0.235,1167229800,DIVIDEND,0.235,WLTW,,,
0.235,1159363800,DIVIDEND,0.235,WLTW,,,
0.235,1151501400,DIVIDEND,0.235,WLTW,,,
0.235,1143642600,DIVIDEND,0.235,WLTW,,,
0.37,1562679000,DIVIDEND,0.37,LNC,,,
0.37,1554816600,DIVIDEND,0.37,LNC,,,
0.37,1547044200,DIVIDEND,0.37,LNC,,,
0.33,1539091800,DIVIDEND,0.33,LNC,,,
0.33,1531143000,DIVIDEND,0.33,LNC,,,
0.33,1523280600,DIVIDEND,0.33,LNC,,,
0.33,1515508200,DIVIDEND,0.33,LNC,,,
0.29,1507555800,DIVIDEND,0.29,LNC,,,
0.29,1507296600,DIVIDEND,0.29,LNC,,,
0.29,1499347800,DIVIDEND,0.29,LNC,,,
0.29,1491485400,DIVIDEND,0.29,LNC,,,
0.29,1483713000,DIVIDEND,0.29,LNC,,,
0.25,1475760600,DIVIDEND,0.25,LNC,,,
0.25,1475674200,DIVIDEND,0.25,LNC,,,
0.25,1467898200,DIVIDEND,0.25,LNC,,,
0.25,1460035800,DIVIDEND,0.25,LNC,,,
0.25,1452177000,DIVIDEND,0.25,LNC,,,
0.2,1444311000,DIVIDEND,0.2,LNC,,,
0.2,1444224600,DIVIDEND,0.2,LNC,,,
0.2,1436362200,DIVIDEND,0.2,LNC,,,
0.2,1428499800,DIVIDEND,0.2,LNC,,,
0.2,1420727400,DIVIDEND,0.2,LNC,,,
0.16,1412775000,DIVIDEND,0.16,LNC,,,
0.16,1404826200,DIVIDEND,0.16,LNC,,,
0.16,1396963800,DIVIDEND,0.16,LNC,,,
0.16,1389191400,DIVIDEND,0.16,LNC,,,
0.12,1381239000,DIVIDEND,0.12,LNC,,,
0.12,1373290200,DIVIDEND,0.12,LNC,,,
0.12,1365168600,DIVIDEND,0.12,LNC,,,
0.12,1357655400,DIVIDEND,0.12,LNC,,,
0.08,1349443800,DIVIDEND,0.08,LNC,,,
0.08,1341581400,DIVIDEND,0.08,LNC,,,
0.08,1333546200,DIVIDEND,0.08,LNC,,,
0.08,1325860200,DIVIDEND,0.08,LNC,,,
0.05,1317907800,DIVIDEND,0.05,LNC,,,
0.05,1310045400,DIVIDEND,0.05,LNC,,,
0.05,1302183000,DIVIDEND,0.05,LNC,,,
0.05,1294324200,DIVIDEND,0.05,LNC,,,
0.01,1286371800,DIVIDEND,0.01,LNC,,,
0.01,1278509400,DIVIDEND,0.01,LNC,,,
0.01,1270647000,DIVIDEND,0.01,LNC,,,
0.01,1262874600,DIVIDEND,0.01,LNC,,,
0.01,1254922200,DIVIDEND,0.01,LNC,,,
0.01,1247059800,DIVIDEND,0.01,LNC,,,
0.01,1239111000,DIVIDEND,0.01,LNC,,,
0.21,1231338600,DIVIDEND,0.21,LNC,,,
0.415,1223472600,DIVIDEND,0.415,LNC,,,
0.415,1215523800,DIVIDEND,0.415,LNC,,,
0.415,1207575000,DIVIDEND,0.415,LNC,,,
0.415,1199802600,DIVIDEND,0.415,LNC,,,
0.395,1191591000,DIVIDEND,0.395,LNC,,,
0.395,1183728600,DIVIDEND,0.395,LNC,,,
0.395,1175693400,DIVIDEND,0.395,LNC,,,
0.395,1168266600,DIVIDEND,0.395,LNC,,,
0.38,1160487000,DIVIDEND,0.38,LNC,,,
0.38,1152192600,DIVIDEND,0.38,LNC,,,
0.38,1144762200,DIVIDEND,0.38,LNC,,,
0.38,1136557800,DIVIDEND,0.38,LNC,,,
0.063,1566912600,DIVIDEND,0.063,L,,,
0.0625,1559050200,DIVIDEND,0.0625,L,,,
0.0625,1551191400,DIVIDEND,0.0625,L,,,
0.0625,1543329000,DIVIDEND,0.0625,L,,,
0.0625,1535463000,DIVIDEND,0.0625,L,,,
0.0625,1527600600,DIVIDEND,0.0625,L,,,
0.0625,1519741800,DIVIDEND,0.0625,L,,,
0.0625,1511879400,DIVIDEND,0.0625,L,,,
0.0625,1503927000,DIVIDEND,0.0625,L,,,
0.0625,1495805400,DIVIDEND,0.0625,L,,,
0.0625,1488205800,DIVIDEND,0.0625,L,,,
0.0625,1480343400,DIVIDEND,0.0625,L,,,
0.0625,1472477400,DIVIDEND,0.0625,L,,,
0.0625,1464355800,DIVIDEND,0.0625,L,,,
0.0625,1456497000,DIVIDEND,0.0625,L,,,
0.0625,1448461800,DIVIDEND,0.0625,L,,,
0.0625,1440682200,DIVIDEND,0.0625,L,,,
0.0625,1432819800,DIVIDEND,0.0625,L,,,
0.0625,1424961000,DIVIDEND,0.0625,L,,,
0.0625,1416925800,DIVIDEND,0.0625,L,,,
0.0625,1409146200,DIVIDEND,0.0625,L,,,
0.0625,1401370200,DIVIDEND,0.0625,L,,,
0.0625,1393511400,DIVIDEND,0.0625,L,,,
0.0625,1385476200,DIVIDEND,0.0625,L,,,
0.0625,1377696600,DIVIDEND,0.0625,L,,,
0.0625,1369920600,DIVIDEND,0.0625,L,,,
0.0625,1362580200,DIVIDEND,0.0625,L,,,
0.0625,1361975400,DIVIDEND,0.0625,L,,,
0.0625,1354113000,DIVIDEND,0.0625,L,,,
0.0625,1346247000,DIVIDEND,0.0625,L,,,
0.0625,1338384600,DIVIDEND,0.0625,L,,,
0.0625,1330439400,DIVIDEND,0.0625,L,,,
0.0625,1322231400,DIVIDEND,0.0625,L,,,
0.0625,1314711000,DIVIDEND,0.0625,L,,,
0.0625,1306503000,DIVIDEND,0.0625,L,,,
0.0625,1298644200,DIVIDEND,0.0625,L,,,
0.0625,1290781800,DIVIDEND,0.0625,L,,,
0.0625,1283175000,DIVIDEND,0.0625,L,,,
0.0625,1274967000,DIVIDEND,0.0625,L,,,
0.0625,1267108200,DIVIDEND,0.0625,L,,,
0.0625,1259159400,DIVIDEND,0.0625,L,,,
0.0625,1251466200,DIVIDEND,0.0625,L,,,
0.0625,1243517400,DIVIDEND,0.0625,L,,,
0.0625,1235658600,DIVIDEND,0.0625,L,,,
0.0625,1227709800,DIVIDEND,0.0625,L,,,
0.0625,1219930200,DIVIDEND,0.0625,L,,,
0.0625,1211376600,DIVIDEND,0.0625,L,,,
0.0625,1204209000,DIVIDEND,0.0625,L,,,
0.0625,1196346600,DIVIDEND,0.0625,L,,,
0.0625,1188480600,DIVIDEND,0.0625,L,,,
0.0625,1180531800,DIVIDEND,0.0625,L,,,
0.0625,1172586600,DIVIDEND,0.0625,L,,,
0.0625,1164810600,DIVIDEND,0.0625,L,,,
0.0625,1156944600,DIVIDEND,0.0625,L,,,
0.0625,1148995800,DIVIDEND,0.0625,L,,,
,1147181400,SPLIT,1/3,L,3.0,1.0,1/3
0.15,1141050600,DIVIDEND,0.15,L,,,
